Ano,Mês,Dia_mês,Dia_semana,letivo,feriado,ferias,vespera_nao_letivo,pos_nao_letivo,vespera_feriado,pos_feriado,dias_desde_inicio_ferias,dias_desde_ultimas_ferias,dias_ate_ferias,dias_ate_feriado
2023,1,1,dom,0,0,1,1,0,0,0,0,0,0,92
2023,1,2,seg,0,0,1,1,1,0,0,1,0,0,91
2023,1,3,ter,0,0,1,1,1,0,0,2,0,0,90
2023,1,4,qua,0,0,1,1,1,0,0,3,0,0,89
2023,1,5,qui,0,0,1,1,1,0,0,4,0,0,88
2023,1,6,sex,0,0,1,1,1,0,0,5,0,0,87
2023,1,7,sáb,0,0,1,1,1,0,0,6,0,0,86
2023,1,8,dom,0,0,1,1,1,0,0,7,0,0,85
2023,1,9,seg,0,0,1,1,1,0,0,8,0,0,84
2023,1,10,ter,0,0,1,1,1,0,0,9,0,0,83
2023,1,11,qua,0,0,1,1,1,0,0,10,0,0,82
2023,1,12,qui,0,0,1,1,1,0,0,11,0,0,81
2023,1,13,sex,0,0,1,1,1,0,0,12,0,0,80
2023,1,14,sáb,0,0,1,1,1,0,0,13,0,0,79
2023,1,15,dom,0,0,1,1,1,0,0,14,0,0,78
2023,1,16,seg,0,0,1,1,1,0,0,15,0,0,77
2023,1,17,ter,0,0,1,1,1,0,0,16,0,0,76
2023,1,18,qua,0,0,1,1,1,0,0,17,0,0,75
2023,1,19,qui,0,0,1,1,1,0,0,18,0,0,74
2023,1,20,sex,0,0,1,1,1,0,0,19,0,0,73
2023,1,21,sáb,0,0,1,1,1,0,0,20,0,0,72
2023,1,22,dom,0,0,1,1,1,0,0,21,0,0,71
2023,1,23,seg,0,0,1,1,1,0,0,22,0,0,70
2023,1,24,ter,0,0,1,1,1,0,0,23,0,0,69
2023,1,25,qua,0,0,1,1,1,0,0,24,0,0,68
2023,1,26,qui,0,0,1,1,1,0,0,25,0,0,67
2023,1,27,sex,0,0,1,1,1,0,0,26,0,0,66
2023,1,28,sáb,0,0,1,1,1,0,0,27,0,0,65
2023,1,29,dom,0,0,1,1,1,0,0,28,0,0,64
2023,1,30,seg,0,0,1,1,1,0,0,29,0,0,63
2023,1,31,ter,0,0,1,1,1,0,0,30,0,0,62
2023,2,1,qua,0,0,1,1,1,0,0,31,0,0,61
2023,2,2,qui,0,0,1,1,1,0,0,32,0,0,60
2023,2,3,sex,0,0,1,1,1,0,0,33,0,0,59
2023,2,4,sáb,0,0,1,1,1,0,0,34,0,0,58
2023,2,5,dom,0,0,1,1,1,0,0,35,0,0,57
2023,2,6,seg,0,0,1,1,1,0,0,36,0,0,56
2023,2,7,ter,0,0,1,1,1,0,0,37,0,0,55
2023,2,8,qua,0,0,1,1,1,0,0,38,0,0,54
2023,2,9,qui,0,0,1,1,1,0,0,39,0,0,53
2023,2,10,sex,0,0,1,1,1,0,0,40,0,0,52
2023,2,11,sáb,0,0,1,1,1,0,0,41,0,0,51
2023,2,12,dom,0,0,1,1,1,0,0,42,0,0,50
2023,2,13,seg,0,0,1,1,1,0,0,43,0,0,49
2023,2,14,ter,0,0,1,1,1,0,0,44,0,0,48
2023,2,15,qua,0,0,1,1,1,0,0,45,0,0,47
2023,2,16,qui,0,0,1,1,1,0,0,46,0,0,46
2023,2,17,sex,0,0,1,1,1,0,0,47,0,0,45
2023,2,18,sáb,0,0,1,1,1,0,0,48,0,0,44
2023,2,19,dom,0,0,1,1,1,0,0,49,0,0,43
2023,2,20,seg,0,0,1,1,1,0,0,50,0,0,42
2023,2,21,ter,0,0,1,1,1,0,0,51,0,0,41
2023,2,22,qua,0,0,1,1,1,0,0,52,0,0,40
2023,2,23,qui,0,0,1,1,1,0,0,53,0,0,39
2023,2,24,sex,0,0,1,1,1,0,0,54,0,0,38
2023,2,25,sáb,0,0,1,1,1,0,0,55,0,0,37
2023,2,26,dom,0,0,1,1,1,0,0,56,0,0,36
2023,2,27,seg,0,0,1,1,1,0,0,57,0,0,35
2023,2,28,ter,0,0,1,1,1,0,0,58,0,0,34
2023,3,1,qua,0,0,1,1,1,0,0,59,0,0,33
2023,3,2,qui,0,0,1,1,1,0,0,60,0,0,32
2023,3,3,sex,0,0,1,1,1,0,0,61,0,0,31
2023,3,4,sáb,0,0,1,1,1,0,0,62,0,0,30
2023,3,5,dom,0,0,1,1,1,0,0,63,0,0,29
2023,3,6,seg,0,0,1,1,1,0,0,64,0,0,28
2023,3,7,ter,0,0,1,1,1,0,0,65,0,0,27
2023,3,8,qua,0,0,1,1,1,0,0,66,0,0,26
2023,3,9,qui,0,0,1,1,1,0,0,67,0,0,25
2023,3,10,sex,0,0,1,1,1,0,0,68,0,0,24
2023,3,11,sáb,0,0,1,1,1,0,0,69,0,0,23
2023,3,12,dom,0,0,1,0,1,0,0,70,0,0,22
2023,3,13,seg,1,0,0,0,1,0,0,0,0,124,21
2023,3,14,ter,1,0,0,0,0,0,0,0,1,123,20
2023,3,15,qua,1,0,0,0,0,0,0,0,2,122,19
2023,3,16,qui,1,0,0,0,0,0,0,0,3,121,18
2023,3,17,sex,1,0,0,0,0,0,0,0,4,120,17
2023,3,18,sáb,1,0,0,1,0,0,0,0,5,119,16
2023,3,19,dom,0,0,0,0,0,0,0,0,6,118,15
2023,3,20,seg,1,0,0,0,1,0,0,0,7,117,14
2023,3,21,ter,1,0,0,0,0,0,0,0,8,116,13
2023,3,22,qua,1,0,0,0,0,0,0,0,9,115,12
2023,3,23,qui,1,0,0,0,0,0,0,0,10,114,11
2023,3,24,sex,1,0,0,0,0,0,0,0,11,113,10
2023,3,25,sáb,1,0,0,1,0,0,0,0,12,112,9
2023,3,26,dom,0,0,0,0,0,0,0,0,13,111,8
2023,3,27,seg,1,0,0,0,1,0,0,0,14,110,7
2023,3,28,ter,1,0,0,0,0,0,0,0,15,109,6
2023,3,29,qua,1,0,0,0,0,0,0,0,16,108,5
2023,3,30,qui,1,0,0,0,0,0,0,0,17,107,4
2023,3,31,sex,1,0,0,0,0,0,0,0,18,106,3
2023,4,1,sáb,1,0,0,1,0,0,0,0,19,105,2
2023,4,2,dom,0,0,0,1,0,1,0,0,20,104,1
2023,4,3,seg,0,1,0,1,1,1,0,0,21,103,0
2023,4,4,ter,0,1,0,1,1,1,1,0,22,102,0
2023,4,5,qua,0,1,0,1,1,1,1,0,23,101,0
2023,4,6,qui,0,1,0,1,1,1,1,0,24,100,0
2023,4,7,sex,0,1,0,1,1,1,1,0,25,99,0
2023,4,8,sáb,0,1,0,1,1,0,1,0,26,98,0
2023,4,9,dom,0,0,0,0,1,0,1,0,27,97,12
2023,4,10,seg,1,0,0,0,1,0,0,0,28,96,11
2023,4,11,ter,1,0,0,0,0,0,0,0,29,95,10
2023,4,12,qua,1,0,0,0,0,0,0,0,30,94,9
2023,4,13,qui,1,0,0,0,0,0,0,0,31,93,8
2023,4,14,sex,1,0,0,0,0,0,0,0,32,92,7
2023,4,15,sáb,1,0,0,1,0,0,0,0,33,91,6
2023,4,16,dom,0,0,0,0,0,0,0,0,34,90,5
2023,4,17,seg,1,0,0,0,1,0,0,0,35,89,4
2023,4,18,ter,1,0,0,0,0,0,0,0,36,88,3
2023,4,19,qua,1,0,0,0,0,0,0,0,37,87,2
2023,4,20,qui,1,0,0,1,0,1,0,0,38,86,1
2023,4,21,sex,0,1,0,1,0,1,0,0,39,85,0
2023,4,22,sáb,0,1,0,1,1,0,1,0,40,84,0
2023,4,23,dom,0,0,0,0,1,0,1,0,41,83,8
2023,4,24,seg,1,0,0,0,1,0,0,0,42,82,7
2023,4,25,ter,1,0,0,0,0,0,0,0,43,81,6
2023,4,26,qua,1,0,0,0,0,0,0,0,44,80,5
2023,4,27,qui,1,0,0,0,0,0,0,0,45,79,4
2023,4,28,sex,1,0,0,0,0,0,0,0,46,78,3
2023,4,29,sáb,1,0,0,1,0,0,0,0,47,77,2
2023,4,30,dom,0,0,0,1,0,1,0,0,48,76,1
2023,5,1,seg,0,1,0,0,1,0,0,0,49,75,0
2023,5,2,ter,1,0,0,0,1,0,1,0,50,74,37
2023,5,3,qua,1,0,0,0,0,0,0,0,51,73,36
2023,5,4,qui,1,0,0,0,0,0,0,0,52,72,35
2023,5,5,sex,1,0,0,0,0,0,0,0,53,71,34
2023,5,6,sáb,1,0,0,1,0,0,0,0,54,70,33
2023,5,7,dom,0,0,0,0,0,0,0,0,55,69,32
2023,5,8,seg,1,0,0,0,1,0,0,0,56,68,31
2023,5,9,ter,1,0,0,0,0,0,0,0,57,67,30
2023,5,10,qua,1,0,0,0,0,0,0,0,58,66,29
2023,5,11,qui,1,0,0,0,0,0,0,0,59,65,28
2023,5,12,sex,1,0,0,0,0,0,0,0,60,64,27
2023,5,13,sáb,1,0,0,1,0,0,0,0,61,63,26
2023,5,14,dom,0,0,0,0,0,0,0,0,62,62,25
2023,5,15,seg,1,0,0,0,1,0,0,0,63,61,24
2023,5,16,ter,1,0,0,0,0,0,0,0,64,60,23
2023,5,17,qua,1,0,0,0,0,0,0,0,65,59,22
2023,5,18,qui,1,0,0,0,0,0,0,0,66,58,21
2023,5,19,sex,1,0,0,0,0,0,0,0,67,57,20
2023,5,20,sáb,1,0,0,1,0,0,0,0,68,56,19
2023,5,21,dom,0,0,0,0,0,0,0,0,69,55,18
2023,5,22,seg,1,0,0,0,1,0,0,0,70,54,17
2023,5,23,ter,1,0,0,0,0,0,0,0,71,53,16
2023,5,24,qua,1,0,0,0,0,0,0,0,72,52,15
2023,5,25,qui,1,0,0,0,0,0,0,0,73,51,14
2023,5,26,sex,1,0,0,0,0,0,0,0,74,50,13
2023,5,27,sáb,1,0,0,1,0,0,0,0,75,49,12
2023,5,28,dom,0,0,0,0,0,0,0,0,76,48,11
2023,5,29,seg,1,0,0,0,1,0,0,0,77,47,10
2023,5,30,ter,1,0,0,0,0,0,0,0,78,46,9
2023,5,31,qua,1,0,0,0,0,0,0,0,79,45,8
2023,6,1,qui,1,0,0,0,0,0,0,0,80,44,7
2023,6,2,sex,1,0,0,0,0,0,0,0,81,43,6
2023,6,3,sáb,1,0,0,1,0,0,0,0,82,42,5
2023,6,4,dom,0,0,0,0,0,0,0,0,83,41,4
2023,6,5,seg,1,0,0,0,1,0,0,0,84,40,3
2023,6,6,ter,1,0,0,0,0,0,0,0,85,39,2
2023,6,7,qua,1,0,0,1,0,1,0,0,86,38,1
2023,6,8,qui,0,1,0,1,0,1,0,0,87,37,0
2023,6,9,sex,0,1,0,1,1,1,1,0,88,36,0
2023,6,10,sáb,0,1,0,1,1,0,1,0,89,35,0
2023,6,11,dom,0,0,0,0,1,0,1,0,90,34,64
2023,6,12,seg,1,0,0,0,1,0,0,0,91,33,63
2023,6,13,ter,1,0,0,0,0,0,0,0,92,32,62
2023,6,14,qua,1,0,0,0,0,0,0,0,93,31,61
2023,6,15,qui,1,0,0,0,0,0,0,0,94,30,60
2023,6,16,sex,1,0,0,0,0,0,0,0,95,29,59
2023,6,17,sáb,1,0,0,1,0,0,0,0,96,28,58
2023,6,18,dom,0,0,0,0,0,0,0,0,97,27,57
2023,6,19,seg,1,0,0,0,1,0,0,0,98,26,56
2023,6,20,ter,1,0,0,0,0,0,0,0,99,25,55
2023,6,21,qua,1,0,0,0,0,0,0,0,100,24,54
2023,6,22,qui,1,0,0,0,0,0,0,0,101,23,53
2023,6,23,sex,1,0,0,0,0,0,0,0,102,22,52
2023,6,24,sáb,1,0,0,1,0,0,0,0,103,21,51
2023,6,25,dom,0,0,0,0,0,0,0,0,104,20,50
2023,6,26,seg,1,0,0,0,1,0,0,0,105,19,49
2023,6,27,ter,1,0,0,0,0,0,0,0,106,18,48
2023,6,28,qua,1,0,0,0,0,0,0,0,107,17,47
2023,6,29,qui,1,0,0,0,0,0,0,0,108,16,46
2023,6,30,sex,1,0,0,0,0,0,0,0,109,15,45
2023,7,1,sáb,1,0,0,1,0,0,0,0,110,14,44
2023,7,2,dom,0,0,0,0,0,0,0,0,111,13,43
2023,7,3,seg,1,0,0,0,1,0,0,0,112,12,42
2023,7,4,ter,1,0,0,0,0,0,0,0,113,11,41
2023,7,5,qua,1,0,0,0,0,0,0,0,114,10,40
2023,7,6,qui,1,0,0,0,0,0,0,0,115,9,39
2023,7,7,sex,1,0,0,0,0,0,0,0,116,8,38
2023,7,8,sáb,1,0,0,1,0,0,0,0,117,7,37
2023,7,9,dom,0,0,0,0,0,0,0,0,118,6,36
2023,7,10,seg,1,0,0,0,1,0,0,0,119,5,35
2023,7,11,ter,1,0,0,0,0,0,0,0,120,4,34
2023,7,12,qua,1,0,0,0,0,0,0,0,121,3,33
2023,7,13,qui,1,0,0,0,0,0,0,0,122,2,32
2023,7,14,sex,1,0,0,1,0,0,0,0,123,1,31
2023,7,15,sáb,0,0,1,1,0,0,0,0,0,0,30
2023,7,16,dom,0,0,1,1,1,0,0,1,0,0,29
2023,7,17,seg,0,0,1,1,1,0,0,2,0,0,28
2023,7,18,ter,0,0,1,1,1,0,0,3,0,0,27
2023,7,19,qua,0,0,1,1,1,0,0,4,0,0,26
2023,7,20,qui,0,0,1,1,1,0,0,5,0,0,25
2023,7,21,sex,0,0,1,1,1,0,0,6,0,0,24
2023,7,22,sáb,0,0,1,1,1,0,0,7,0,0,23
2023,7,23,dom,0,0,1,1,1,0,0,8,0,0,22
2023,7,24,seg,0,0,1,1,1,0,0,9,0,0,21
2023,7,25,ter,0,0,1,1,1,0,0,10,0,0,20
2023,7,26,qua,0,0,1,1,1,0,0,11,0,0,19
2023,7,27,qui,0,0,1,1,1,0,0,12,0,0,18
2023,7,28,sex,0,0,1,1,1,0,0,13,0,0,17
2023,7,29,sáb,0,0,1,1,1,0,0,14,0,0,16
2023,7,30,dom,0,0,1,1,1,0,0,15,0,0,15
2023,7,31,seg,0,0,1,1,1,0,0,16,0,0,14
2023,8,1,ter,0,0,1,1,1,0,0,17,0,0,13
2023,8,2,qua,0,0,1,1,1,0,0,18,0,0,12
2023,8,3,qui,0,0,1,1,1,0,0,19,0,0,11
2023,8,4,sex,0,0,1,1,1,0,0,20,0,0,10
2023,8,5,sáb,0,0,1,1,1,0,0,21,0,0,9
2023,8,6,dom,0,0,1,0,1,0,0,22,0,0,8
2023,8,7,seg,1,0,0,0,1,0,0,0,0,136,7
2023,8,8,ter,1,0,0,0,0,0,0,0,1,135,6
2023,8,9,qua,1,0,0,0,0,0,0,0,2,134,5
2023,8,10,qui,1,0,0,0,0,0,0,0,3,133,4
2023,8,11,sex,1,0,0,0,0,0,0,0,4,132,3
2023,8,12,sáb,1,0,0,1,0,0,0,0,5,131,2
2023,8,13,dom,0,0,0,1,0,1,0,0,6,130,1
2023,8,14,seg,0,1,0,1,1,1,0,0,7,129,0
2023,8,15,ter,0,1,0,0,1,0,1,0,8,128,0
2023,8,16,qua,1,0,0,0,1,0,1,0,9,127,19
2023,8,17,qui,1,0,0,0,0,0,0,0,10,126,18
2023,8,18,sex,1,0,0,0,0,0,0,0,11,125,17
2023,8,19,sáb,1,0,0,1,0,0,0,0,12,124,16
2023,8,20,dom,0,0,0,0,0,0,0,0,13,123,15
2023,8,21,seg,1,0,0,0,1,0,0,0,14,122,14
2023,8,22,ter,1,0,0,0,0,0,0,0,15,121,13
2023,8,23,qua,1,0,0,0,0,0,0,0,16,120,12
2023,8,24,qui,1,0,0,0,0,0,0,0,17,119,11
2023,8,25,sex,1,0,0,0,0,0,0,0,18,118,10
2023,8,26,sáb,1,0,0,1,0,0,0,0,19,117,9
2023,8,27,dom,0,0,0,0,0,0,0,0,20,116,8
2023,8,28,seg,1,0,0,0,1,0,0,0,21,115,7
2023,8,29,ter,1,0,0,0,0,0,0,0,22,114,6
2023,8,30,qua,1,0,0,0,0,0,0,0,23,113,5
2023,8,31,qui,1,0,0,0,0,0,0,0,24,112,4
2023,9,1,sex,1,0,0,0,0,0,0,0,25,111,3
2023,9,2,sáb,1,0,0,1,0,0,0,0,26,110,2
2023,9,3,dom,0,0,0,1,0,1,0,0,27,109,1
2023,9,4,seg,0,1,0,1,1,1,0,0,28,108,0
2023,9,5,ter,0,1,0,1,1,1,1,0,29,107,0
2023,9,6,qua,0,1,0,1,1,1,1,0,30,106,0
2023,9,7,qui,0,1,0,1,1,1,1,0,31,105,0
2023,9,8,sex,0,1,0,1,1,1,1,0,32,104,0
2023,9,9,sáb,0,1,0,1,1,0,1,0,33,103,0
2023,9,10,dom,0,0,0,0,1,0,1,0,34,102,32
2023,9,11,seg,1,0,0,0,1,0,0,0,35,101,31
2023,9,12,ter,1,0,0,0,0,0,0,0,36,100,30
2023,9,13,qua,1,0,0,0,0,0,0,0,37,99,29
2023,9,14,qui,1,0,0,0,0,0,0,0,38,98,28
2023,9,15,sex,1,0,0,0,0,0,0,0,39,97,27
2023,9,16,sáb,1,0,0,1,0,0,0,0,40,96,26
2023,9,17,dom,0,0,0,0,0,0,0,0,41,95,25
2023,9,18,seg,1,0,0,0,1,0,0,0,42,94,24
2023,9,19,ter,1,0,0,0,0,0,0,0,43,93,23
2023,9,20,qua,1,0,0,0,0,0,0,0,44,92,22
2023,9,21,qui,1,0,0,0,0,0,0,0,45,91,21
2023,9,22,sex,1,0,0,0,0,0,0,0,46,90,20
2023,9,23,sáb,1,0,0,1,0,0,0,0,47,89,19
2023,9,24,dom,0,0,0,0,0,0,0,0,48,88,18
2023,9,25,seg,1,0,0,0,1,0,0,0,49,87,17
2023,9,26,ter,1,0,0,0,0,0,0,0,50,86,16
2023,9,27,qua,1,0,0,0,0,0,0,0,51,85,15
2023,9,28,qui,1,0,0,0,0,0,0,0,52,84,14
2023,9,29,sex,1,0,0,0,0,0,0,0,53,83,13
2023,9,30,sáb,1,0,0,1,0,0,0,0,54,82,12
2023,10,1,dom,0,0,0,0,0,0,0,0,55,81,11
2023,10,2,seg,1,0,0,0,1,0,0,0,56,80,10
2023,10,3,ter,1,0,0,0,0,0,0,0,57,79,9
2023,10,4,qua,1,0,0,0,0,0,0,0,58,78,8
2023,10,5,qui,1,0,0,0,0,0,0,0,59,77,7
2023,10,6,sex,1,0,0,0,0,0,0,0,60,76,6
2023,10,7,sáb,1,0,0,1,0,0,0,0,61,75,5
2023,10,8,dom,0,0,0,0,0,0,0,0,62,74,4
2023,10,9,seg,1,0,0,0,1,0,0,0,63,73,3
2023,10,10,ter,1,0,0,0,0,0,0,0,64,72,2
2023,10,11,qua,1,0,0,1,0,1,0,0,65,71,1
2023,10,12,qui,0,1,0,1,0,1,0,0,66,70,0
2023,10,13,sex,0,1,0,1,1,1,1,0,67,69,0
2023,10,14,sáb,0,1,0,1,1,0,1,0,68,68,0
2023,10,15,dom,0,0,0,0,1,0,1,0,69,67,13
2023,10,16,seg,1,0,0,0,1,0,0,0,70,66,12
2023,10,17,ter,1,0,0,0,0,0,0,0,71,65,11
2023,10,18,qua,1,0,0,0,0,0,0,0,72,64,10
2023,10,19,qui,1,0,0,0,0,0,0,0,73,63,9
2023,10,20,sex,1,0,0,0,0,0,0,0,74,62,8
2023,10,21,sáb,1,0,0,1,0,0,0,0,75,61,7
2023,10,22,dom,0,0,0,0,0,0,0,0,76,60,6
2023,10,23,seg,1,0,0,0,1,0,0,0,77,59,5
2023,10,24,ter,1,0,0,0,0,0,0,0,78,58,4
2023,10,25,qua,1,0,0,0,0,0,0,0,79,57,3
2023,10,26,qui,1,0,0,0,0,0,0,0,80,56,2
2023,10,27,sex,1,0,0,1,0,1,0,0,81,55,1
2023,10,28,sáb,0,1,0,1,0,0,0,0,82,54,0
2023,10,29,dom,0,0,0,0,1,0,1,0,83,53,4
2023,10,30,seg,1,0,0,0,1,0,0,0,84,52,3
2023,10,31,ter,1,0,0,0,0,0,0,0,85,51,2
2023,11,1,qua,1,0,0,1,0,1,0,0,86,50,1
2023,11,2,qui,0,1,0,1,0,1,0,0,87,49,0
2023,11,3,sex,0,1,0,1,1,1,1,0,88,48,0
2023,11,4,sáb,0,1,0,1,1,0,1,0,89,47,0
2023,11,5,dom,0,0,0,0,1,0,1,0,90,46,10
2023,11,6,seg,1,0,0,0,1,0,0,0,91,45,9
2023,11,7,ter,1,0,0,0,0,0,0,0,92,44,8
2023,11,8,qua,1,0,0,0,0,0,0,0,93,43,7
2023,11,9,qui,1,0,0,0,0,0,0,0,94,42,6
2023,11,10,sex,1,0,0,0,0,0,0,0,95,41,5
2023,11,11,sáb,1,0,0,1,0,0,0,0,96,40,4
2023,11,12,dom,0,0,0,0,0,0,0,0,97,39,3
2023,11,13,seg,1,0,0,0,1,0,0,0,98,38,2
2023,11,14,ter,1,0,0,1,0,1,0,0,99,37,1
2023,11,15,qua,0,1,0,0,0,0,0,0,100,36,0
2023,11,16,qui,1,0,0,0,1,0,1,0,101,35,130
2023,11,17,sex,1,0,0,0,0,0,0,0,102,34,129
2023,11,18,sáb,1,0,0,1,0,0,0,0,103,33,128
2023,11,19,dom,0,0,0,0,0,0,0,0,104,32,127
2023,11,20,seg,1,0,0,0,1,0,0,0,105,31,126
2023,11,21,ter,1,0,0,0,0,0,0,0,106,30,125
2023,11,22,qua,1,0,0,0,0,0,0,0,107,29,124
2023,11,23,qui,1,0,0,0,0,0,0,0,108,28,123
2023,11,24,sex,1,0,0,0,0,0,0,0,109,27,122
2023,11,25,sáb,1,0,0,1,0,0,0,0,110,26,121
2023,11,26,dom,0,0,0,0,0,0,0,0,111,25,120
2023,11,27,seg,1,0,0,0,1,0,0,0,112,24,119
2023,11,28,ter,1,0,0,0,0,0,0,0,113,23,118
2023,11,29,qua,1,0,0,0,0,0,0,0,114,22,117
2023,11,30,qui,1,0,0,0,0,0,0,0,115,21,116
2023,12,1,sex,1,0,0,0,0,0,0,0,116,20,115
2023,12,2,sáb,1,0,0,1,0,0,0,0,117,19,114
2023,12,3,dom,0,0,0,0,0,0,0,0,118,18,113
2023,12,4,seg,1,0,0,0,1,0,0,0,119,17,112
2023,12,5,ter,1,0,0,0,0,0,0,0,120,16,111
2023,12,6,qua,1,0,0,0,0,0,0,0,121,15,110
2023,12,7,qui,1,0,0,0,0,0,0,0,122,14,109
2023,12,8,sex,1,0,0,0,0,0,0,0,123,13,108
2023,12,9,sáb,1,0,0,1,0,0,0,0,124,12,107
2023,12,10,dom,0,0,0,0,0,0,0,0,125,11,106
2023,12,11,seg,1,0,0,0,1,0,0,0,126,10,105
2023,12,12,ter,1,0,0,0,0,0,0,0,127,9,104
2023,12,13,qua,1,0,0,0,0,0,0,0,128,8,103
2023,12,14,qui,1,0,0,0,0,0,0,0,129,7,102
2023,12,15,sex,1,0,0,0,0,0,0,0,130,6,101
2023,12,16,sáb,1,0,0,1,0,0,0,0,131,5,100
2023,12,17,dom,0,0,0,0,0,0,0,0,132,4,99
2023,12,18,seg,1,0,0,0,1,0,0,0,133,3,98
2023,12,19,ter,1,0,0,0,0,0,0,0,134,2,97
2023,12,20,qua,1,0,0,1,0,0,0,0,135,1,96
2023,12,21,qui,0,0,1,1,0,0,0,0,0,0,95
2023,12,22,sex,0,0,1,1,1,0,0,1,0,0,94
2023,12,23,sáb,0,0,1,1,1,0,0,2,0,0,93
2023,12,24,dom,0,0,1,1,1,0,0,3,0,0,92
2023,12,25,seg,0,0,1,1,1,0,0,4,0,0,91
2023,12,26,ter,0,0,1,1,1,0,0,5,0,0,90
2023,12,27,qua,0,0,1,1,1,0,0,6,0,0,89
2023,12,28,qui,0,0,1,1,1,0,0,7,0,0,88
2023,12,29,sex,0,0,1,1,1,0,0,8,0,0,87
2023,12,30,sáb,0,0,1,1,1,0,0,9,0,0,86
2023,12,31,dom,0,0,1,1,1,0,0,10,0,0,85
2024,1,1,seg,0,0,1,1,1,0,0,11,0,0,84
2024,1,2,ter,0,0,1,1,1,0,0,12,0,0,83
2024,1,3,qua,0,0,1,1,1,0,0,13,0,0,82
2024,1,4,qui,0,0,1,1,1,0,0,14,0,0,81
2024,1,5,sex,0,0,1,1,1,0,0,15,0,0,80
2024,1,6,sáb,0,0,1,1,1,0,0,16,0,0,79
2024,1,7,dom,0,0,1,1,1,0,0,17,0,0,78
2024,1,8,seg,0,0,1,1,1,0,0,18,0,0,77
2024,1,9,ter,0,0,1,1,1,0,0,19,0,0,76
2024,1,10,qua,0,0,1,1,1,0,0,20,0,0,75
2024,1,11,qui,0,0,1,1,1,0,0,21,0,0,74
2024,1,12,sex,0,0,1,1,1,0,0,22,0,0,73
2024,1,13,sáb,0,0,1,1,1,0,0,23,0,0,72
2024,1,14,dom,0,0,1,1,1,0,0,24,0,0,71
2024,1,15,seg,0,0,1,1,1,0,0,25,0,0,70
2024,1,16,ter,0,0,1,1,1,0,0,26,0,0,69
2024,1,17,qua,0,0,1,1,1,0,0,27,0,0,68
2024,1,18,qui,0,0,1,1,1,0,0,28,0,0,67
2024,1,19,sex,0,0,1,1,1,0,0,29,0,0,66
2024,1,20,sáb,0,0,1,1,1,0,0,30,0,0,65
2024,1,21,dom,0,0,1,1,1,0,0,31,0,0,64
2024,1,22,seg,0,0,1,1,1,0,0,32,0,0,63
2024,1,23,ter,0,0,1,1,1,0,0,33,0,0,62
2024,1,24,qua,0,0,1,1,1,0,0,34,0,0,61
2024,1,25,qui,0,0,1,1,1,0,0,35,0,0,60
2024,1,26,sex,0,0,1,1,1,0,0,36,0,0,59
2024,1,27,sáb,0,0,1,1,1,0,0,37,0,0,58
2024,1,28,dom,0,0,1,1,1,0,0,38,0,0,57
2024,1,29,seg,0,0,1,1,1,0,0,39,0,0,56
2024,1,30,ter,0,0,1,1,1,0,0,40,0,0,55
2024,1,31,qua,0,0,1,1,1,0,0,41,0,0,54
2024,2,1,qui,0,0,1,1,1,0,0,42,0,0,53
2024,2,2,sex,0,0,1,1,1,0,0,43,0,0,52
2024,2,3,sáb,0,0,1,1,1,0,0,44,0,0,51
2024,2,4,dom,0,0,1,1,1,0,0,45,0,0,50
2024,2,5,seg,0,0,1,1,1,0,0,46,0,0,49
2024,2,6,ter,0,0,1,1,1,0,0,47,0,0,48
2024,2,7,qua,0,0,1,1,1,0,0,48,0,0,47
2024,2,8,qui,0,0,1,1,1,0,0,49,0,0,46
2024,2,9,sex,0,0,1,1,1,0,0,50,0,0,45
2024,2,10,sáb,0,0,1,1,1,0,0,51,0,0,44
2024,2,11,dom,0,0,1,1,1,0,0,52,0,0,43
2024,2,12,seg,0,0,1,1,1,0,0,53,0,0,42
2024,2,13,ter,0,0,1,1,1,0,0,54,0,0,41
2024,2,14,qua,0,0,1,1,1,0,0,55,0,0,40
2024,2,15,qui,0,0,1,1,1,0,0,56,0,0,39
2024,2,16,sex,0,0,1,1,1,0,0,57,0,0,38
2024,2,17,sáb,0,0,1,1,1,0,0,58,0,0,37
2024,2,18,dom,0,0,1,1,1,0,0,59,0,0,36
2024,2,19,seg,0,0,1,1,1,0,0,60,0,0,35
2024,2,20,ter,0,0,1,1,1,0,0,61,0,0,34
2024,2,21,qua,0,0,1,1,1,0,0,62,0,0,33
2024,2,22,qui,0,0,1,1,1,0,0,63,0,0,32
2024,2,23,sex,0,0,1,1,1,0,0,64,0,0,31
2024,2,24,sáb,0,0,1,1,1,0,0,65,0,0,30
2024,2,25,dom,0,0,1,0,1,0,0,66,0,0,29
2024,2,26,seg,1,0,0,0,1,0,0,0,0,127,28
2024,2,27,ter,1,0,0,0,0,0,0,0,1,126,27
2024,2,28,qua,1,0,0,0,0,0,0,0,2,125,26
2024,2,29,qui,1,0,0,0,0,0,0,0,3,124,25
2024,3,1,sex,1,0,0,0,0,0,0,0,4,123,24
2024,3,2,sáb,1,0,0,1,0,0,0,0,5,122,23
2024,3,3,dom,0,0,0,0,0,0,0,0,6,121,22
2024,3,4,seg,1,0,0,0,1,0,0,0,7,120,21
2024,3,5,ter,1,0,0,0,0,0,0,0,8,119,20
2024,3,6,qua,1,0,0,0,0,0,0,0,9,118,19
2024,3,7,qui,1,0,0,0,0,0,0,0,10,117,18
2024,3,8,sex,1,0,0,0,0,0,0,0,11,116,17
2024,3,9,sáb,1,0,0,1,0,0,0,0,12,115,16
2024,3,10,dom,0,0,0,0,0,0,0,0,13,114,15
2024,3,11,seg,1,0,0,0,1,0,0,0,14,113,14
2024,3,12,ter,1,0,0,0,0,0,0,0,15,112,13
2024,3,13,qua,1,0,0,0,0,0,0,0,16,111,12
2024,3,14,qui,1,0,0,0,0,0,0,0,17,110,11
2024,3,15,sex,1,0,0,0,0,0,0,0,18,109,10
2024,3,16,sáb,1,0,0,1,0,0,0,0,19,108,9
2024,3,17,dom,0,0,0,0,0,0,0,0,20,107,8
2024,3,18,seg,1,0,0,0,1,0,0,0,21,106,7
2024,3,19,ter,1,0,0,0,0,0,0,0,22,105,6
2024,3,20,qua,1,0,0,0,0,0,0,0,23,104,5
2024,3,21,qui,1,0,0,0,0,0,0,0,24,103,4
2024,3,22,sex,1,0,0,0,0,0,0,0,25,102,3
2024,3,23,sáb,1,0,0,1,0,0,0,0,26,101,2
2024,3,24,dom,0,0,0,1,0,1,0,0,27,100,1
2024,3,25,seg,0,1,0,1,1,1,0,0,28,99,0
2024,3,26,ter,0,1,0,1,1,1,1,0,29,98,0
2024,3,27,qua,0,1,0,1,1,1,1,0,30,97,0
2024,3,28,qui,0,1,0,1,1,1,1,0,31,96,0
2024,3,29,sex,0,1,0,1,1,1,1,0,32,95,0
2024,3,30,sáb,0,1,0,1,1,0,1,0,33,94,0
2024,3,31,dom,0,0,0,0,1,0,1,0,34,93,31
2024,4,1,seg,1,0,0,0,1,0,0,0,35,92,30
2024,4,2,ter,1,0,0,0,0,0,0,0,36,91,29
2024,4,3,qua,1,0,0,0,0,0,0,0,37,90,28
2024,4,4,qui,1,0,0,0,0,0,0,0,38,89,27
2024,4,5,sex,1,0,0,0,0,0,0,0,39,88,26
2024,4,6,sáb,1,0,0,1,0,0,0,0,40,87,25
2024,4,7,dom,0,0,0,0,0,0,0,0,41,86,24
2024,4,8,seg,1,0,0,0,1,0,0,0,42,85,23
2024,4,9,ter,1,0,0,0,0,0,0,0,43,84,22
2024,4,10,qua,1,0,0,0,0,0,0,0,44,83,21
2024,4,11,qui,1,0,0,0,0,0,0,0,45,82,20
2024,4,12,sex,1,0,0,0,0,0,0,0,46,81,19
2024,4,13,sáb,1,0,0,1,0,0,0,0,47,80,18
2024,4,14,dom,0,0,0,0,0,0,0,0,48,79,17
2024,4,15,seg,1,0,0,0,1,0,0,0,49,78,16
2024,4,16,ter,1,0,0,0,0,0,0,0,50,77,15
2024,4,17,qua,1,0,0,0,0,0,0,0,51,76,14
2024,4,18,qui,1,0,0,0,0,0,0,0,52,75,13
2024,4,19,sex,1,0,0,0,0,0,0,0,53,74,12
2024,4,20,sáb,1,0,0,1,0,0,0,0,54,73,11
2024,4,21,dom,0,0,0,0,0,0,0,0,55,72,10
2024,4,22,seg,1,0,0,0,1,0,0,0,56,71,9
2024,4,23,ter,1,0,0,0,0,0,0,0,57,70,8
2024,4,24,qua,1,0,0,0,0,0,0,0,58,69,7
2024,4,25,qui,1,0,0,0,0,0,0,0,59,68,6
2024,4,26,sex,1,0,0,0,0,0,0,0,60,67,5
2024,4,27,sáb,1,0,0,1,0,0,0,0,61,66,4
2024,4,28,dom,0,0,0,0,0,0,0,0,62,65,3
2024,4,29,seg,1,0,0,0,1,0,0,0,63,64,2
2024,4,30,ter,1,0,0,1,0,1,0,0,64,63,1
2024,5,1,qua,0,1,0,0,0,0,0,0,65,62,0
2024,5,2,qui,1,0,0,0,1,0,1,0,66,61,28
2024,5,3,sex,1,0,0,0,0,0,0,0,67,60,27
2024,5,4,sáb,1,0,0,1,0,0,0,0,68,59,26
2024,5,5,dom,0,0,0,0,0,0,0,0,69,58,25
2024,5,6,seg,1,0,0,0,1,0,0,0,70,57,24
2024,5,7,ter,1,0,0,0,0,0,0,0,71,56,23
2024,5,8,qua,1,0,0,0,0,0,0,0,72,55,22
2024,5,9,qui,1,0,0,0,0,0,0,0,73,54,21
2024,5,10,sex,1,0,0,0,0,0,0,0,74,53,20
2024,5,11,sáb,1,0,0,1,0,0,0,0,75,52,19
2024,5,12,dom,0,0,0,0,0,0,0,0,76,51,18
2024,5,13,seg,1,0,0,0,1,0,0,0,77,50,17
2024,5,14,ter,1,0,0,0,0,0,0,0,78,49,16
2024,5,15,qua,1,0,0,0,0,0,0,0,79,48,15
2024,5,16,qui,1,0,0,0,0,0,0,0,80,47,14
2024,5,17,sex,1,0,0,0,0,0,0,0,81,46,13
2024,5,18,sáb,1,0,0,1,0,0,0,0,82,45,12
2024,5,19,dom,0,0,0,0,0,0,0,0,83,44,11
2024,5,20,seg,1,0,0,0,1,0,0,0,84,43,10
2024,5,21,ter,1,0,0,0,0,0,0,0,85,42,9
2024,5,22,qua,1,0,0,0,0,0,0,0,86,41,8
2024,5,23,qui,1,0,0,0,0,0,0,0,87,40,7
2024,5,24,sex,1,0,0,0,0,0,0,0,88,39,6
2024,5,25,sáb,1,0,0,1,0,0,0,0,89,38,5
2024,5,26,dom,0,0,0,0,0,0,0,0,90,37,4
2024,5,27,seg,1,0,0,0,1,0,0,0,91,36,3
2024,5,28,ter,1,0,0,0,0,0,0,0,92,35,2
2024,5,29,qua,1,0,0,1,0,1,0,0,93,34,1
2024,5,30,qui,0,1,0,1,0,1,0,0,94,33,0
2024,5,31,sex,0,1,0,1,1,1,1,0,95,32,0
2024,6,1,sáb,0,1,0,1,1,0,1,0,96,31,0
2024,6,2,dom,0,0,0,0,1,0,1,0,97,30,74
2024,6,3,seg,1,0,0,0,1,0,0,0,98,29,73
2024,6,4,ter,1,0,0,0,0,0,0,0,99,28,72
2024,6,5,qua,1,0,0,0,0,0,0,0,100,27,71
2024,6,6,qui,1,0,0,0,0,0,0,0,101,26,70
2024,6,7,sex,1,0,0,0,0,0,0,0,102,25,69
2024,6,8,sáb,1,0,0,1,0,0,0,0,103,24,68
2024,6,9,dom,0,0,0,0,0,0,0,0,104,23,67
2024,6,10,seg,1,0,0,0,1,0,0,0,105,22,66
2024,6,11,ter,1,0,0,0,0,0,0,0,106,21,65
2024,6,12,qua,1,0,0,0,0,0,0,0,107,20,64
2024,6,13,qui,1,0,0,0,0,0,0,0,108,19,63
2024,6,14,sex,1,0,0,0,0,0,0,0,109,18,62
2024,6,15,sáb,1,0,0,1,0,0,0,0,110,17,61
2024,6,16,dom,0,0,0,0,0,0,0,0,111,16,60
2024,6,17,seg,1,0,0,0,1,0,0,0,112,15,59
2024,6,18,ter,1,0,0,0,0,0,0,0,113,14,58
2024,6,19,qua,1,0,0,0,0,0,0,0,114,13,57
2024,6,20,qui,1,0,0,0,0,0,0,0,115,12,56
2024,6,21,sex,1,0,0,0,0,0,0,0,116,11,55
2024,6,22,sáb,1,0,0,1,0,0,0,0,117,10,54
2024,6,23,dom,0,0,0,0,0,0,0,0,118,9,53
2024,6,24,seg,1,0,0,0,1,0,0,0,119,8,52
2024,6,25,ter,1,0,0,0,0,0,0,0,120,7,51
2024,6,26,qua,1,0,0,0,0,0,0,0,121,6,50
2024,6,27,qui,1,0,0,0,0,0,0,0,122,5,49
2024,6,28,sex,1,0,0,0,0,0,0,0,123,4,48
2024,6,29,sáb,1,0,0,1,0,0,0,0,124,3,47
2024,6,30,dom,0,0,0,0,0,0,0,0,125,2,46
2024,7,1,seg,1,0,0,1,1,0,0,0,126,1,45
2024,7,2,ter,0,0,1,1,0,0,0,0,0,0,44
2024,7,3,qua,0,0,1,1,1,0,0,1,0,0,43
2024,7,4,qui,0,0,1,1,1,0,0,2,0,0,42
2024,7,5,sex,0,0,1,1,1,0,0,3,0,0,41
2024,7,6,sáb,0,0,1,1,1,0,0,4,0,0,40
2024,7,7,dom,0,0,1,1,1,0,0,5,0,0,39
2024,7,8,seg,0,0,1,1,1,0,0,6,0,0,38
2024,7,9,ter,0,0,1,1,1,0,0,7,0,0,37
2024,7,10,qua,0,0,1,1,1,0,0,8,0,0,36
2024,7,11,qui,0,0,1,1,1,0,0,9,0,0,35
2024,7,12,sex,0,0,1,1,1,0,0,10,0,0,34
2024,7,13,sáb,0,0,1,1,1,0,0,11,0,0,33
2024,7,14,dom,0,0,1,1,1,0,0,12,0,0,32
2024,7,15,seg,0,0,1,1,1,0,0,13,0,0,31
2024,7,16,ter,0,0,1,1,1,0,0,14,0,0,30
2024,7,17,qua,0,0,1,1,1,0,0,15,0,0,29
2024,7,18,qui,0,0,1,1,1,0,0,16,0,0,28
2024,7,19,sex,0,0,1,1,1,0,0,17,0,0,27
2024,7,20,sáb,0,0,1,1,1,0,0,18,0,0,26
2024,7,21,dom,0,0,1,1,1,0,0,19,0,0,25
2024,7,22,seg,0,0,1,1,1,0,0,20,0,0,24
2024,7,23,ter,0,0,1,1,1,0,0,21,0,0,23
2024,7,24,qua,0,0,1,1,1,0,0,22,0,0,22
2024,7,25,qui,0,0,1,1,1,0,0,23,0,0,21
2024,7,26,sex,0,0,1,1,1,0,0,24,0,0,20
2024,7,27,sáb,0,0,1,1,1,0,0,25,0,0,19
2024,7,28,dom,0,0,1,1,1,0,0,26,0,0,18
2024,7,29,seg,0,0,1,1,1,0,0,27,0,0,17
2024,7,30,ter,0,0,1,1,1,0,0,28,0,0,16
2024,7,31,qua,0,0,1,1,1,0,0,29,0,0,15
2024,8,1,qui,0,0,1,1,1,0,0,30,0,0,14
2024,8,2,sex,0,0,1,1,1,0,0,31,0,0,13
2024,8,3,sáb,0,0,1,1,1,0,0,32,0,0,12
2024,8,4,dom,0,0,1,0,1,0,0,33,0,0,11
2024,8,5,seg,1,0,0,0,1,0,0,0,0,129,10
2024,8,6,ter,1,0,0,0,0,0,0,0,1,128,9
2024,8,7,qua,1,0,0,0,0,0,0,0,2,127,8
2024,8,8,qui,1,0,0,0,0,0,0,0,3,126,7
2024,8,9,sex,1,0,0,0,0,0,0,0,4,125,6
2024,8,10,sáb,1,0,0,1,0,0,0,0,5,124,5
2024,8,11,dom,0,0,0,0,0,0,0,0,6,123,4
2024,8,12,seg,1,0,0,0,1,0,0,0,7,122,3
2024,8,13,ter,1,0,0,0,0,0,0,0,8,121,2
2024,8,14,qua,1,0,0,1,0,1,0,0,9,120,1
2024,8,15,qui,0,1,0,1,0,1,0,0,10,119,0
2024,8,16,sex,0,1,0,1,1,1,1,0,11,118,0
2024,8,17,sáb,0,1,0,1,1,0,1,0,12,117,0
2024,8,18,dom,0,0,0,0,1,0,1,0,13,116,15
2024,8,19,seg,1,0,0,0,1,0,0,0,14,115,14
2024,8,20,ter,1,0,0,0,0,0,0,0,15,114,13
2024,8,21,qua,1,0,0,0,0,0,0,0,16,113,12
2024,8,22,qui,1,0,0,0,0,0,0,0,17,112,11
2024,8,23,sex,1,0,0,0,0,0,0,0,18,111,10
2024,8,24,sáb,1,0,0,1,0,0,0,0,19,110,9
2024,8,25,dom,0,0,0,0,0,0,0,0,20,109,8
2024,8,26,seg,1,0,0,0,1,0,0,0,21,108,7
2024,8,27,ter,1,0,0,0,0,0,0,0,22,107,6
2024,8,28,qua,1,0,0,0,0,0,0,0,23,106,5
2024,8,29,qui,1,0,0,0,0,0,0,0,24,105,4
2024,8,30,sex,1,0,0,0,0,0,0,0,25,104,3
2024,8,31,sáb,1,0,0,1,0,0,0,0,26,103,2
2024,9,1,dom,0,0,0,1,0,1,0,0,27,102,1
2024,9,2,seg,0,1,0,1,1,1,0,0,28,101,0
2024,9,3,ter,0,1,0,1,1,1,1,0,29,100,0
2024,9,4,qua,0,1,0,1,1,1,1,0,30,99,0
2024,9,5,qui,0,1,0,1,1,1,1,0,31,98,0
2024,9,6,sex,0,1,0,1,1,1,1,0,32,97,0
2024,9,7,sáb,0,1,0,1,1,0,1,0,33,96,0
2024,9,8,dom,0,0,0,0,1,0,1,0,34,95,34
2024,9,9,seg,1,0,0,0,1,0,0,0,35,94,33
2024,9,10,ter,1,0,0,0,0,0,0,0,36,93,32
2024,9,11,qua,1,0,0,0,0,0,0,0,37,92,31
2024,9,12,qui,1,0,0,0,0,0,0,0,38,91,30
2024,9,13,sex,1,0,0,0,0,0,0,0,39,90,29
2024,9,14,sáb,1,0,0,1,0,0,0,0,40,89,28
2024,9,15,dom,0,0,0,0,0,0,0,0,41,88,27
2024,9,16,seg,1,0,0,0,1,0,0,0,42,87,26
2024,9,17,ter,1,0,0,0,0,0,0,0,43,86,25
2024,9,18,qua,1,0,0,0,0,0,0,0,44,85,24
2024,9,19,qui,1,0,0,0,0,0,0,0,45,84,23
2024,9,20,sex,1,0,0,0,0,0,0,0,46,83,22
2024,9,21,sáb,1,0,0,1,0,0,0,0,47,82,21
2024,9,22,dom,0,0,0,0,0,0,0,0,48,81,20
2024,9,23,seg,1,0,0,0,1,0,0,0,49,80,19
2024,9,24,ter,1,0,0,0,0,0,0,0,50,79,18
2024,9,25,qua,1,0,0,0,0,0,0,0,51,78,17
2024,9,26,qui,1,0,0,0,0,0,0,0,52,77,16
2024,9,27,sex,1,0,0,0,0,0,0,0,53,76,15
2024,9,28,sáb,1,0,0,1,0,0,0,0,54,75,14
2024,9,29,dom,0,0,0,0,0,0,0,0,55,74,13
2024,9,30,seg,1,0,0,0,1,0,0,0,56,73,12
2024,10,1,ter,1,0,0,0,0,0,0,0,57,72,11
2024,10,2,qua,1,0,0,0,0,0,0,0,58,71,10
2024,10,3,qui,1,0,0,0,0,0,0,0,59,70,9
2024,10,4,sex,1,0,0,0,0,0,0,0,60,69,8
2024,10,5,sáb,1,0,0,1,0,0,0,0,61,68,7
2024,10,6,dom,0,0,0,0,0,0,0,0,62,67,6
2024,10,7,seg,1,0,0,0,1,0,0,0,63,66,5
2024,10,8,ter,1,0,0,0,0,0,0,0,64,65,4
2024,10,9,qua,1,0,0,0,0,0,0,0,65,64,3
2024,10,10,qui,1,0,0,0,0,0,0,0,66,63,2
2024,10,11,sex,1,0,0,1,0,1,0,0,67,62,1
2024,10,12,sáb,0,1,0,1,0,0,0,0,68,61,0
2024,10,13,dom,0,0,0,0,1,0,1,0,69,60,15
2024,10,14,seg,1,0,0,0,1,0,0,0,70,59,14
2024,10,15,ter,1,0,0,0,0,0,0,0,71,58,13
2024,10,16,qua,1,0,0,0,0,0,0,0,72,57,12
2024,10,17,qui,1,0,0,0,0,0,0,0,73,56,11
2024,10,18,sex,1,0,0,0,0,0,0,0,74,55,10
2024,10,19,sáb,1,0,0,1,0,0,0,0,75,54,9
2024,10,20,dom,0,0,0,0,0,0,0,0,76,53,8
2024,10,21,seg,1,0,0,0,1,0,0,0,77,52,7
2024,10,22,ter,1,0,0,0,0,0,0,0,78,51,6
2024,10,23,qua,1,0,0,0,0,0,0,0,79,50,5
2024,10,24,qui,1,0,0,0,0,0,0,0,80,49,4
2024,10,25,sex,1,0,0,0,0,0,0,0,81,48,3
2024,10,26,sáb,1,0,0,1,0,0,0,0,82,47,2
2024,10,27,dom,0,0,0,1,0,1,0,0,83,46,1
2024,10,28,seg,0,1,0,0,1,0,0,0,84,45,0
2024,10,29,ter,1,0,0,0,1,0,1,0,85,44,4
2024,10,30,qua,1,0,0,0,0,0,0,0,86,43,3
2024,10,31,qui,1,0,0,0,0,0,0,0,87,42,2
2024,11,1,sex,1,0,0,1,0,1,0,0,88,41,1
2024,11,2,sáb,0,1,0,1,0,0,0,0,89,40,0
2024,11,3,dom,0,0,0,1,1,1,1,0,90,39,1
2024,11,4,seg,0,1,0,0,1,0,0,0,91,38,0
2024,11,5,ter,1,0,0,0,1,0,1,0,92,37,10
2024,11,6,qua,1,0,0,0,0,0,0,0,93,36,9
2024,11,7,qui,1,0,0,0,0,0,0,0,94,35,8
2024,11,8,sex,1,0,0,0,0,0,0,0,95,34,7
2024,11,9,sáb,1,0,0,1,0,0,0,0,96,33,6
2024,11,10,dom,0,0,0,0,0,0,0,0,97,32,5
2024,11,11,seg,1,0,0,0,1,0,0,0,98,31,4
2024,11,12,ter,1,0,0,0,0,0,0,0,99,30,3
2024,11,13,qua,1,0,0,0,0,0,0,0,100,29,2
2024,11,14,qui,1,0,0,1,0,1,0,0,101,28,1
2024,11,15,sex,0,1,0,1,0,1,0,0,102,27,0
2024,11,16,sáb,0,1,0,1,1,0,1,0,103,26,0
2024,11,17,dom,0,0,0,0,1,0,1,0,104,25,3
2024,11,18,seg,1,0,0,0,1,0,0,0,105,24,2
2024,11,19,ter,1,0,0,1,0,1,0,0,106,23,1
2024,11,20,qua,0,1,0,0,0,0,0,0,107,22,0
2024,11,21,qui,1,0,0,0,1,0,1,0,108,21,102
2024,11,22,sex,1,0,0,0,0,0,0,0,109,20,101
2024,11,23,sáb,1,0,0,1,0,0,0,0,110,19,100
2024,11,24,dom,0,0,0,0,0,0,0,0,111,18,99
2024,11,25,seg,1,0,0,0,1,0,0,0,112,17,98
2024,11,26,ter,1,0,0,0,0,0,0,0,113,16,97
2024,11,27,qua,1,0,0,0,0,0,0,0,114,15,96
2024,11,28,qui,1,0,0,0,0,0,0,0,115,14,95
2024,11,29,sex,1,0,0,0,0,0,0,0,116,13,94
2024,11,30,sáb,1,0,0,1,0,0,0,0,117,12,93
2024,12,1,dom,0,0,0,0,0,0,0,0,118,11,92
2024,12,2,seg,1,0,0,0,1,0,0,0,119,10,91
2024,12,3,ter,1,0,0,0,0,0,0,0,120,9,90
2024,12,4,qua,1,0,0,0,0,0,0,0,121,8,89
2024,12,5,qui,1,0,0,0,0,0,0,0,122,7,88
2024,12,6,sex,1,0,0,0,0,0,0,0,123,6,87
2024,12,7,sáb,1,0,0,1,0,0,0,0,124,5,86
2024,12,8,dom,0,0,0,0,0,0,0,0,125,4,85
2024,12,9,seg,1,0,0,0,1,0,0,0,126,3,84
2024,12,10,ter,1,0,0,0,0,0,0,0,127,2,83
2024,12,11,qua,1,0,0,1,0,0,0,0,128,1,82
2024,12,12,qui,0,0,1,1,0,0,0,0,0,0,81
2024,12,13,sex,0,0,1,1,1,0,0,1,0,0,80
2024,12,14,sáb,0,0,1,1,1,0,0,2,0,0,79
2024,12,15,dom,0,0,1,1,1,0,0,3,0,0,78
2024,12,16,seg,0,0,1,1,1,0,0,4,0,0,77
2024,12,17,ter,0,0,1,1,1,0,0,5,0,0,76
2024,12,18,qua,0,0,1,1,1,0,0,6,0,0,75
2024,12,19,qui,0,0,1,1,1,0,0,7,0,0,74
2024,12,20,sex,0,0,1,1,1,0,0,8,0,0,73
2024,12,21,sáb,0,0,1,1,1,0,0,9,0,0,72
2024,12,22,dom,0,0,1,1,1,0,0,10,0,0,71
2024,12,23,seg,0,0,1,1,1,0,0,11,0,0,70
2024,12,24,ter,0,0,1,1,1,0,0,12,0,0,69
2024,12,25,qua,0,0,1,1,1,0,0,13,0,0,68
2024,12,26,qui,0,0,1,1,1,0,0,14,0,0,67
2024,12,27,sex,0,0,1,1,1,0,0,15,0,0,66
2024,12,28,sáb,0,0,1,1,1,0,0,16,0,0,65
2024,12,29,dom,0,0,1,1,1,0,0,17,0,0,64
2024,12,30,seg,0,0,1,1,1,0,0,18,0,0,63
2024,12,31,ter,0,0,1,1,1,0,0,19,0,0,62
2025,1,1,qua,0,0,1,1,1,0,0,20,0,0,61
2025,1,2,qui,0,0,1,1,1,0,0,21,0,0,60
2025,1,3,sex,0,0,1,1,1,0,0,22,0,0,59
2025,1,4,sáb,0,0,1,1,1,0,0,23,0,0,58
2025,1,5,dom,0,0,1,1,1,0,0,24,0,0,57
2025,1,6,seg,0,0,1,1,1,0,0,25,0,0,56
2025,1,7,ter,0,0,1,1,1,0,0,26,0,0,55
2025,1,8,qua,0,0,1,1,1,0,0,27,0,0,54
2025,1,9,qui,0,0,1,1,1,0,0,28,0,0,53
2025,1,10,sex,0,0,1,1,1,0,0,29,0,0,52
2025,1,11,sáb,0,0,1,1,1,0,0,30,0,0,51
2025,1,12,dom,0,0,1,1,1,0,0,31,0,0,50
2025,1,13,seg,0,0,1,1,1,0,0,32,0,0,49
2025,1,14,ter,0,0,1,1,1,0,0,33,0,0,48
2025,1,15,qua,0,0,1,1,1,0,0,34,0,0,47
2025,1,16,qui,0,0,1,1,1,0,0,35,0,0,46
2025,1,17,sex,0,0,1,1,1,0,0,36,0,0,45
2025,1,18,sáb,0,0,1,1,1,0,0,37,0,0,44
2025,1,19,dom,0,0,1,1,1,0,0,38,0,0,43
2025,1,20,seg,0,0,1,1,1,0,0,39,0,0,42
2025,1,21,ter,0,0,1,1,1,0,0,40,0,0,41
2025,1,22,qua,0,0,1,1,1,0,0,41,0,0,40
2025,1,23,qui,0,0,1,1,1,0,0,42,0,0,39
2025,1,24,sex,0,0,1,1,1,0,0,43,0,0,38
2025,1,25,sáb,0,0,1,1,1,0,0,44,0,0,37
2025,1,26,dom,0,0,1,1,1,0,0,45,0,0,36
2025,1,27,seg,0,0,1,1,1,0,0,46,0,0,35
2025,1,28,ter,0,0,1,1,1,0,0,47,0,0,34
2025,1,29,qua,0,0,1,1,1,0,0,48,0,0,33
2025,1,30,qui,0,0,1,1,1,0,0,49,0,0,32
2025,1,31,sex,0,0,1,1,1,0,0,50,0,0,31
2025,2,1,sáb,0,0,1,1,1,0,0,51,0,0,30
2025,2,2,dom,0,0,1,1,1,0,0,52,0,0,29
2025,2,3,seg,0,0,1,1,1,0,0,53,0,0,28
2025,2,4,ter,0,0,1,1,1,0,0,54,0,0,27
2025,2,5,qua,0,0,1,1,1,0,0,55,0,0,26
2025,2,6,qui,0,0,1,1,1,0,0,56,0,0,25
2025,2,7,sex,0,0,1,1,1,0,0,57,0,0,24
2025,2,8,sáb,0,0,1,1,1,0,0,58,0,0,23
2025,2,9,dom,0,0,1,1,1,0,0,59,0,0,22
2025,2,10,seg,0,0,1,1,1,0,0,60,0,0,21
2025,2,11,ter,0,0,1,1,1,0,0,61,0,0,20
2025,2,12,qua,0,0,1,1,1,0,0,62,0,0,19
2025,2,13,qui,0,0,1,1,1,0,0,63,0,0,18
2025,2,14,sex,0,0,1,1,1,0,0,64,0,0,17
2025,2,15,sáb,0,0,1,1,1,0,0,65,0,0,16
2025,2,16,dom,0,0,1,1,1,0,0,66,0,0,15
2025,2,17,seg,0,0,1,1,1,0,0,67,0,0,14
2025,2,18,ter,0,0,1,1,1,0,0,68,0,0,13
2025,2,19,qua,0,0,1,1,1,0,0,69,0,0,12
2025,2,20,qui,0,0,1,1,1,0,0,70,0,0,11
2025,2,21,sex,0,0,1,1,1,0,0,71,0,0,10
2025,2,22,sáb,0,0,1,1,1,0,0,72,0,0,9
2025,2,23,dom,0,0,1,0,1,0,0,73,0,0,8
2025,2,24,seg,1,0,0,0,1,0,0,0,0,133,7
2025,2,25,ter,1,0,0,0,0,0,0,0,1,132,6
2025,2,26,qua,1,0,0,0,0,0,0,0,2,131,5
2025,2,27,qui,1,0,0,0,0,0,0,0,3,130,4
2025,2,28,sex,1,0,0,0,0,0,0,0,4,129,3
2025,3,1,sáb,1,0,0,1,0,0,0,0,5,128,2
2025,3,2,dom,0,0,0,1,0,1,0,0,6,127,1
2025,3,3,seg,0,1,0,1,1,1,0,0,7,126,0
2025,3,4,ter,0,1,0,1,1,1,1,0,8,125,0
2025,3,5,qua,0,1,0,0,1,0,1,0,9,124,0
2025,3,6,qui,1,0,0,0,1,0,1,0,10,123,39
2025,3,7,sex,1,0,0,0,0,0,0,0,11,122,38
2025,3,8,sáb,1,0,0,1,0,0,0,0,12,121,37
2025,3,9,dom,0,0,0,0,0,0,0,0,13,120,36
2025,3,10,seg,1,0,0,0,1,0,0,0,14,119,35
2025,3,11,ter,1,0,0,0,0,0,0,0,15,118,34
2025,3,12,qua,1,0,0,0,0,0,0,0,16,117,33
2025,3,13,qui,1,0,0,0,0,0,0,0,17,116,32
2025,3,14,sex,1,0,0,0,0,0,0,0,18,115,31
2025,3,15,sáb,1,0,0,1,0,0,0,0,19,114,30
2025,3,16,dom,0,0,0,0,0,0,0,0,20,113,29
2025,3,17,seg,1,0,0,0,1,0,0,0,21,112,28
2025,3,18,ter,1,0,0,0,0,0,0,0,22,111,27
2025,3,19,qua,1,0,0,0,0,0,0,0,23,110,26
2025,3,20,qui,1,0,0,0,0,0,0,0,24,109,25
2025,3,21,sex,1,0,0,0,0,0,0,0,25,108,24
2025,3,22,sáb,1,0,0,1,0,0,0,0,26,107,23
2025,3,23,dom,0,0,0,0,0,0,0,0,27,106,22
2025,3,24,seg,1,0,0,0,1,0,0,0,28,105,21
2025,3,25,ter,1,0,0,0,0,0,0,0,29,104,20
2025,3,26,qua,1,0,0,0,0,0,0,0,30,103,19
2025,3,27,qui,1,0,0,0,0,0,0,0,31,102,18
2025,3,28,sex,1,0,0,0,0,0,0,0,32,101,17
2025,3,29,sáb,1,0,0,1,0,0,0,0,33,100,16
2025,3,30,dom,0,0,0,0,0,0,0,0,34,99,15
2025,3,31,seg,1,0,0,0,1,0,0,0,35,98,14
2025,4,1,ter,1,0,0,0,0,0,0,0,36,97,13
2025,4,2,qua,1,0,0,0,0,0,0,0,37,96,12
2025,4,3,qui,1,0,0,0,0,0,0,0,38,95,11
2025,4,4,sex,1,0,0,0,0,0,0,0,39,94,10
2025,4,5,sáb,1,0,0,1,0,0,0,0,40,93,9
2025,4,6,dom,0,0,0,0,0,0,0,0,41,92,8
2025,4,7,seg,1,0,0,0,1,0,0,0,42,91,7
2025,4,8,ter,1,0,0,0,0,0,0,0,43,90,6
2025,4,9,qua,1,0,0,0,0,0,0,0,44,89,5
2025,4,10,qui,1,0,0,0,0,0,0,0,45,88,4
2025,4,11,sex,1,0,0,0,0,0,0,0,46,87,3
2025,4,12,sáb,1,0,0,1,0,0,0,0,47,86,2
2025,4,13,dom,0,0,0,1,0,1,0,0,48,85,1
2025,4,14,seg,0,1,0,1,1,1,0,0,49,84,0
2025,4,15,ter,0,1,0,1,1,1,1,0,50,83,0
2025,4,16,qua,0,1,0,1,1,1,1,0,51,82,0
2025,4,17,qui,0,1,0,1,1,1,1,0,52,81,0
2025,4,18,sex,0,1,0,1,1,1,1,0,53,80,0
2025,4,19,sáb,0,1,0,1,1,0,1,0,54,79,0
2025,4,20,dom,0,0,0,1,1,1,1,0,55,78,1
2025,4,21,seg,0,1,0,0,1,0,0,0,56,77,0
2025,4,22,ter,1,0,0,0,1,0,1,0,57,76,9
2025,4,23,qua,1,0,0,0,0,0,0,0,58,75,8
2025,4,24,qui,1,0,0,0,0,0,0,0,59,74,7
2025,4,25,sex,1,0,0,0,0,0,0,0,60,73,6
2025,4,26,sáb,1,0,0,1,0,0,0,0,61,72,5
2025,4,27,dom,0,0,0,0,0,0,0,0,62,71,4
2025,4,28,seg,1,0,0,0,1,0,0,0,63,70,3
2025,4,29,ter,1,0,0,0,0,0,0,0,64,69,2
2025,4,30,qua,1,0,0,1,0,1,0,0,65,68,1
2025,5,1,qui,0,1,0,1,0,1,0,0,66,67,0
2025,5,2,sex,0,1,0,1,1,1,1,0,67,66,0
2025,5,3,sáb,0,1,0,1,1,0,1,0,68,65,0
2025,5,4,dom,0,0,0,0,1,0,1,0,69,64,46
2025,5,5,seg,1,0,0,0,1,0,0,0,70,63,45
2025,5,6,ter,1,0,0,0,0,0,0,0,71,62,44
2025,5,7,qua,1,0,0,0,0,0,0,0,72,61,43
2025,5,8,qui,1,0,0,0,0,0,0,0,73,60,42
2025,5,9,sex,1,0,0,0,0,0,0,0,74,59,41
2025,5,10,sáb,1,0,0,1,0,0,0,0,75,58,40
2025,5,11,dom,0,0,0,0,0,0,0,0,76,57,39
2025,5,12,seg,1,0,0,0,1,0,0,0,77,56,38
2025,5,13,ter,1,0,0,0,0,0,0,0,78,55,37
2025,5,14,qua,1,0,0,0,0,0,0,0,79,54,36
2025,5,15,qui,1,0,0,0,0,0,0,0,80,53,35
2025,5,16,sex,1,0,0,0,0,0,0,0,81,52,34
2025,5,17,sáb,1,0,0,1,0,0,0,0,82,51,33
2025,5,18,dom,0,0,0,0,0,0,0,0,83,50,32
2025,5,19,seg,1,0,0,0,1,0,0,0,84,49,31
2025,5,20,ter,1,0,0,0,0,0,0,0,85,48,30
2025,5,21,qua,1,0,0,0,0,0,0,0,86,47,29
2025,5,22,qui,1,0,0,0,0,0,0,0,87,46,28
2025,5,23,sex,1,0,0,0,0,0,0,0,88,45,27
2025,5,24,sáb,1,0,0,1,0,0,0,0,89,44,26
2025,5,25,dom,0,0,0,0,0,0,0,0,90,43,25
2025,5,26,seg,1,0,0,0,1,0,0,0,91,42,24
2025,5,27,ter,1,0,0,0,0,0,0,0,92,41,23
2025,5,28,qua,1,0,0,0,0,0,0,0,93,40,22
2025,5,29,qui,1,0,0,0,0,0,0,0,94,39,21
2025,5,30,sex,1,0,0,0,0,0,0,0,95,38,20
2025,5,31,sáb,1,0,0,1,0,0,0,0,96,37,19
2025,6,1,dom,0,0,0,0,0,0,0,0,97,36,18
2025,6,2,seg,1,0,0,0,1,0,0,0,98,35,17
2025,6,3,ter,1,0,0,0,0,0,0,0,99,34,16
2025,6,4,qua,1,0,0,0,0,0,0,0,100,33,15
2025,6,5,qui,1,0,0,0,0,0,0,0,101,32,14
2025,6,6,sex,1,0,0,0,0,0,0,0,102,31,13
2025,6,7,sáb,1,0,0,1,0,0,0,0,103,30,12
2025,6,8,dom,0,0,0,0,0,0,0,0,104,29,11
2025,6,9,seg,1,0,0,0,1,0,0,0,105,28,10
2025,6,10,ter,1,0,0,0,0,0,0,0,106,27,9
2025,6,11,qua,1,0,0,0,0,0,0,0,107,26,8
2025,6,12,qui,1,0,0,0,0,0,0,0,108,25,7
2025,6,13,sex,1,0,0,0,0,0,0,0,109,24,6
2025,6,14,sáb,1,0,0,1,0,0,0,0,110,23,5
2025,6,15,dom,0,0,0,0,0,0,0,0,111,22,4
2025,6,16,seg,1,0,0,0,1,0,0,0,112,21,3
2025,6,17,ter,1,0,0,0,0,0,0,0,113,20,2
2025,6,18,qua,1,0,0,1,0,1,0,0,114,19,1
2025,6,19,qui,0,1,0,1,0,1,0,0,115,18,0
2025,6,20,sex,0,1,0,1,1,1,1,0,116,17,0
2025,6,21,sáb,0,1,0,1,1,0,1,0,117,16,0
2025,6,22,dom,0,0,0,0,1,0,1,0,118,15,54
2025,6,23,seg,1,0,0,0,1,0,0,0,119,14,53
2025,6,24,ter,1,0,0,0,0,0,0,0,120,13,52
2025,6,25,qua,1,0,0,0,0,0,0,0,121,12,51
2025,6,26,qui,1,0,0,0,0,0,0,0,122,11,50
2025,6,27,sex,1,0,0,0,0,0,0,0,123,10,49
2025,6,28,sáb,1,0,0,1,0,0,0,0,124,9,48
2025,6,29,dom,0,0,0,0,0,0,0,0,125,8,47
2025,6,30,seg,1,0,0,0,1,0,0,0,126,7,46
2025,7,1,ter,1,0,0,0,0,0,0,0,127,6,45
2025,7,2,qua,1,0,0,0,0,0,0,0,128,5,44
2025,7,3,qui,1,0,0,0,0,0,0,0,129,4,43
2025,7,4,sex,1,0,0,0,0,0,0,0,130,3,42
2025,7,5,sáb,1,0,0,1,0,0,0,0,131,2,41
2025,7,6,dom,0,0,0,1,0,0,0,0,132,1,40
2025,7,7,seg,0,0,1,1,1,0,0,0,0,0,39
2025,7,8,ter,0,0,1,1,1,0,0,1,0,0,38
2025,7,9,qua,0,0,1,1,1,0,0,2,0,0,37
2025,7,10,qui,0,0,1,1,1,0,0,3,0,0,36
2025,7,11,sex,0,0,1,1,1,0,0,4,0,0,35
2025,7,12,sáb,0,0,1,1,1,0,0,5,0,0,34
2025,7,13,dom,0,0,1,1,1,0,0,6,0,0,33
2025,7,14,seg,0,0,1,1,1,0,0,7,0,0,32
2025,7,15,ter,0,0,1,1,1,0,0,8,0,0,31
2025,7,16,qua,0,0,1,1,1,0,0,9,0,0,30
2025,7,17,qui,0,0,1,1,1,0,0,10,0,0,29
2025,7,18,sex,0,0,1,1,1,0,0,11,0,0,28
2025,7,19,sáb,0,0,1,1,1,0,0,12,0,0,27
2025,7,20,dom,0,0,1,1,1,0,0,13,0,0,26
2025,7,21,seg,0,0,1,1,1,0,0,14,0,0,25
2025,7,22,ter,0,0,1,1,1,0,0,15,0,0,24
2025,7,23,qua,0,0,1,1,1,0,0,16,0,0,23
2025,7,24,qui,0,0,1,1,1,0,0,17,0,0,22
2025,7,25,sex,0,0,1,1,1,0,0,18,0,0,21
2025,7,26,sáb,0,0,1,1,1,0,0,19,0,0,20
2025,7,27,dom,0,0,1,1,1,0,0,20,0,0,19
2025,7,28,seg,0,0,1,1,1,0,0,21,0,0,18
2025,7,29,ter,0,0,1,1,1,0,0,22,0,0,17
2025,7,30,qua,0,0,1,1,1,0,0,23,0,0,16
2025,7,31,qui,0,0,1,1,1,0,0,24,0,0,15
2025,8,1,sex,0,0,1,1,1,0,0,25,0,0,14
2025,8,2,sáb,0,0,1,1,1,0,0,26,0,0,13
2025,8,3,dom,0,0,1,0,1,0,0,27,0,0,12
2025,8,4,seg,1,0,0,0,1,0,0,0,0,130,11
2025,8,5,ter,1,0,0,0,0,0,0,0,1,129,10
2025,8,6,qua,1,0,0,0,0,0,0,0,2,128,9
2025,8,7,qui,1,0,0,0,0,0,0,0,3,127,8
2025,8,8,sex,1,0,0,0,0,0,0,0,4,126,7
2025,8,9,sáb,1,0,0,1,0,0,0,0,5,125,6
2025,8,10,dom,0,0,0,0,0,0,0,0,6,124,5
2025,8,11,seg,1,0,0,0,1,0,0,0,7,123,4
2025,8,12,ter,1,0,0,0,0,0,0,0,8,122,3
2025,8,13,qua,1,0,0,0,0,0,0,0,9,121,2
2025,8,14,qui,1,0,0,1,0,1,0,0,10,120,1
2025,8,15,sex,0,1,0,1,0,1,0,0,11,119,0
2025,8,16,sáb,0,1,0,1,1,0,1,0,12,118,0
2025,8,17,dom,0,0,0,0,1,0,1,0,13,117,15
2025,8,18,seg,1,0,0,0,1,0,0,0,14,116,14
2025,8,19,ter,1,0,0,0,0,0,0,0,15,115,13
2025,8,20,qua,1,0,0,0,0,0,0,0,16,114,12
2025,8,21,qui,1,0,0,0,0,0,0,0,17,113,11
2025,8,22,sex,1,0,0,0,0,0,0,0,18,112,10
2025,8,23,sáb,1,0,0,1,0,0,0,0,19,111,9
2025,8,24,dom,0,0,0,0,0,0,0,0,20,110,8
2025,8,25,seg,1,0,0,0,1,0,0,0,21,109,7
2025,8,26,ter,1,0,0,0,0,0,0,0,22,108,6
2025,8,27,qua,1,0,0,0,0,0,0,0,23,107,5
2025,8,28,qui,1,0,0,0,0,0,0,0,24,106,4
2025,8,29,sex,1,0,0,0,0,0,0,0,25,105,3
2025,8,30,sáb,1,0,0,1,0,0,0,0,26,104,2
2025,8,31,dom,0,0,0,1,0,1,0,0,27,103,1
2025,9,1,seg,0,1,0,1,1,1,0,0,28,102,0
2025,9,2,ter,0,1,0,1,1,1,1,0,29,101,0
2025,9,3,qua,0,1,0,1,1,1,1,0,30,100,0
2025,9,4,qui,0,1,0,1,1,1,1,0,31,99,0
2025,9,5,sex,0,1,0,1,1,1,1,0,32,98,0
2025,9,6,sáb,0,1,0,1,1,0,1,0,33,97,0
2025,9,7,dom,0,0,0,0,1,0,1,0,34,96,50
2025,9,8,seg,1,0,0,0,1,0,0,0,35,95,49
2025,9,9,ter,1,0,0,0,0,0,0,0,36,94,48
2025,9,10,qua,1,0,0,0,0,0,0,0,37,93,47
2025,9,11,qui,1,0,0,0,0,0,0,0,38,92,46
2025,9,12,sex,1,0,0,0,0,0,0,0,39,91,45
2025,9,13,sáb,1,0,0,1,0,0,0,0,40,90,44
2025,9,14,dom,0,0,0,0,0,0,0,0,41,89,43
2025,9,15,seg,1,0,0,0,1,0,0,0,42,88,42
2025,9,16,ter,1,0,0,0,0,0,0,0,43,87,41
2025,9,17,qua,1,0,0,0,0,0,0,0,44,86,40
2025,9,18,qui,1,0,0,0,0,0,0,0,45,85,39
2025,9,19,sex,1,0,0,0,0,0,0,0,46,84,38
2025,9,20,sáb,1,0,0,1,0,0,0,0,47,83,37
2025,9,21,dom,0,0,0,0,0,0,0,0,48,82,36
2025,9,22,seg,1,0,0,0,1,0,0,0,49,81,35
2025,9,23,ter,1,0,0,0,0,0,0,0,50,80,34
2025,9,24,qua,1,0,0,0,0,0,0,0,51,79,33
2025,9,25,qui,1,0,0,0,0,0,0,0,52,78,32
2025,9,26,sex,1,0,0,0,0,0,0,0,53,77,31
2025,9,27,sáb,1,0,0,1,0,0,0,0,54,76,30
2025,9,28,dom,0,0,0,0,0,0,0,0,55,75,29
2025,9,29,seg,1,0,0,0,1,0,0,0,56,74,28
2025,9,30,ter,1,0,0,0,0,0,0,0,57,73,27
2025,10,1,qua,1,0,0,0,0,0,0,0,58,72,26
2025,10,2,qui,1,0,0,0,0,0,0,0,59,71,25
2025,10,3,sex,1,0,0,0,0,0,0,0,60,70,24
2025,10,4,sáb,1,0,0,1,0,0,0,0,61,69,23
2025,10,5,dom,0,0,0,0,0,0,0,0,62,68,22
2025,10,6,seg,1,0,0,0,1,0,0,0,63,67,21
2025,10,7,ter,1,0,0,0,0,0,0,0,64,66,20
2025,10,8,qua,1,0,0,0,0,0,0,0,65,65,19
2025,10,9,qui,1,0,0,0,0,0,0,0,66,64,18
2025,10,10,sex,1,0,0,0,0,0,0,0,67,63,17
2025,10,11,sáb,1,0,0,1,0,0,0,0,68,62,16
2025,10,12,dom,0,0,0,0,0,0,0,0,69,61,15
2025,10,13,seg,1,0,0,0,1,0,0,0,70,60,14
2025,10,14,ter,1,0,0,0,0,0,0,0,71,59,13
2025,10,15,qua,1,0,0,0,0,0,0,0,72,58,12
2025,10,16,qui,1,0,0,0,0,0,0,0,73,57,11
2025,10,17,sex,1,0,0,0,0,0,0,0,74,56,10
2025,10,18,sáb,1,0,0,1,0,0,0,0,75,55,9
2025,10,19,dom,0,0,0,0,0,0,0,0,76,54,8
2025,10,20,seg,1,0,0,0,1,0,0,0,77,53,7
2025,10,21,ter,1,0,0,0,0,0,0,0,78,52,6
2025,10,22,qua,1,0,0,0,0,0,0,0,79,51,5
2025,10,23,qui,1,0,0,0,0,0,0,0,80,50,4
2025,10,24,sex,1,0,0,0,0,0,0,0,81,49,3
2025,10,25,sáb,1,0,0,1,0,0,0,0,82,48,2
2025,10,26,dom,0,0,0,1,0,1,0,0,83,47,1
2025,10,27,seg,0,1,0,1,1,1,0,0,84,46,0
2025,10,28,ter,0,1,0,0,1,0,1,0,85,45,0
2025,10,29,qua,1,0,0,0,1,0,1,0,86,44,5
2025,10,30,qui,1,0,0,0,0,0,0,0,87,43,4
2025,10,31,sex,1,0,0,0,0,0,0,0,88,42,3
2025,11,1,sáb,1,0,0,1,0,0,0,0,89,41,2
2025,11,2,dom,0,0,0,1,0,1,0,0,90,40,1
2025,11,3,seg,0,1,0,1,1,1,0,0,91,39,0
2025,11,4,ter,0,1,0,0,1,0,1,0,92,38,0
2025,11,5,qua,1,0,0,0,1,0,1,0,93,37,10
2025,11,6,qui,1,0,0,0,0,0,0,0,94,36,9
2025,11,7,sex,1,0,0,0,0,0,0,0,95,35,8
2025,11,8,sáb,1,0,0,1,0,0,0,0,96,34,7
2025,11,9,dom,0,0,0,0,0,0,0,0,97,33,6
2025,11,10,seg,1,0,0,0,1,0,0,0,98,32,5
2025,11,11,ter,1,0,0,0,0,0,0,0,99,31,4
2025,11,12,qua,1,0,0,0,0,0,0,0,100,30,3
2025,11,13,qui,1,0,0,0,0,0,0,0,101,29,2
2025,11,14,sex,1,0,0,1,0,1,0,0,102,28,1
2025,11,15,sáb,0,1,0,1,0,0,0,0,103,27,0
2025,11,16,dom,0,0,0,0,1,0,1,0,104,26,4
2025,11,17,seg,1,0,0,0,1,0,0,0,105,25,3
2025,11,18,ter,1,0,0,0,0,0,0,0,106,24,2
2025,11,19,qua,1,0,0,1,0,1,0,0,107,23,1
2025,11,20,qui,0,1,0,1,0,1,0,0,108,22,0
2025,11,21,sex,0,1,0,1,1,1,1,0,109,21,0
2025,11,22,sáb,0,1,0,1,1,0,1,0,110,20,0
2025,11,23,dom,0,0,0,0,1,0,1,0,111,19,0
2025,11,24,seg,1,0,0,0,1,0,0,0,112,18,0
2025,11,25,ter,1,0,0,0,0,0,0,0,113,17,0
2025,11,26,qua,1,0,0,0,0,0,0,0,114,16,0
2025,11,27,qui,1,0,0,0,0,0,0,0,115,15,0
2025,11,28,sex,1,0,0,0,0,0,0,0,116,14,0
2025,11,29,sáb,1,0,0,1,0,0,0,0,117,13,0
2025,11,30,dom,0,0,0,0,0,0,0,0,118,12,0
2025,12,1,seg,1,0,0,0,1,0,0,0,119,11,0
2025,12,2,ter,1,0,0,0,0,0,0,0,120,10,0
2025,12,3,qua,1,0,0,0,0,0,0,0,121,9,0
2025,12,4,qui,1,0,0,0,0,0,0,0,122,8,0
2025,12,5,sex,1,0,0,0,0,0,0,0,123,7,0
2025,12,6,sáb,1,0,0,1,0,0,0,0,124,6,0
2025,12,7,dom,0,0,0,0,0,0,0,0,125,5,0
2025,12,8,seg,1,0,0,0,1,0,0,0,126,4,0
2025,12,9,ter,1,0,0,0,0,0,0,0,127,3,0
2025,12,10,qua,1,0,0,0,0,0,0,0,128,2,0
2025,12,11,qui,1,0,0,1,0,0,0,0,129,1,0
2025,12,12,sex,0,0,1,1,0,0,0,0,0,0,0
2025,12,13,sáb,0,0,1,1,1,0,0,1,0,0,0
2025,12,14,dom,0,0,1,1,1,0,0,2,0,0,0
2025,12,15,seg,0,0,1,1,1,0,0,3,0,0,0
2025,12,16,ter,0,0,1,1,1,0,0,4,0,0,0
2025,12,17,qua,0,0,1,1,1,0,0,5,0,0,0
2025,12,18,qui,0,0,1,1,1,0,0,6,0,0,0
2025,12,19,sex,0,0,1,1,1,0,0,7,0,0,0
2025,12,20,sáb,0,0,1,1,1,0,0,8,0,0,0
2025,12,21,dom,0,0,1,1,1,0,0,9,0,0,0
2025,12,22,seg,0,0,1,1,1,0,0,10,0,0,0
2025,12,23,ter,0,0,1,1,1,0,0,11,0,0,0
2025,12,24,qua,0,0,1,1,1,0,0,12,0,0,0
2025,12,25,qui,0,0,1,1,1,0,0,13,0,0,0
2025,12,26,sex,0,0,1,1,1,0,0,14,0,0,0
2025,12,27,sáb,0,0,1,1,1,0,0,15,0,0,0
2025,12,28,dom,0,0,1,1,1,0,0,16,0,0,0
2025,12,29,seg,0,0,1,1,1,0,0,17,0,0,0
2025,12,30,ter,0,0,1,1,1,0,0,18,0,0,0
2025,12,31,qua,0,0,1,0,1,0,0,19,0,0,0
