Ano,Mês,Dia_semana,Dia_mês,Total,prato_principal_1,prato_principal_2,guarnição,sobremesa_1,Precipitacao_mm,Temp_max_C,Temp_min_C,Umid_rel_ar,Vento_velocidade_horaria (m/s),Vento_rajada_maxima (m/s),dia letivo
2023,2,seg,27,78.0,Frango empanado,Ovo cozido,Creme de milho,Barra de cereais,0.0,29.566666666666663,26.5,59.333333333333336,1.2333333333333334,6.033333333333334,0
2023,2,ter,28,105.0,Carne em cubos,PVT,Macarrão,Iogurte,0.0,28.23333333333333,26.53333333333333,60.0,2.433333333333333,6.533333333333334,0
2023,3,qua,1,110.0,Bife,Bife de lentilha,Legumes,Picolé,0.0,24.666666666666668,22.7,71.33333333333333,0.7000000000000001,3.733333333333333,0
2023,3,qui,2,118.0,Lombo,Curry de legumes,Polenta,Brigadeirão,0.0,28.53333333333333,27.0,47.66666666666666,1.7,6.133333333333333,0
2023,3,sex,3,101.0,frango assado,Cassoulet,Purês,Goiabada,0.0,28.23333333333333,26.53333333333333,58.66666666666666,1.8333333333333333,6.533333333333334,0
2023,3,seg,6,114.0,Frango empanado,Fricassê de PVT,Legumes,Doce de leite,0.0,27.666666666666668,25.8,57.333333333333336,1.8,5.733333333333333,0
2023,3,ter,7,135.0,Lasanha bolonhesa,Lasanha de PVT,Acelga,Bananada,0.0,26.9,24.7,59.333333333333336,2.533333333333333,6.366666666666667,0
2023,3,qua,8,146.0,Estrogonofe de frango,Estrogonofe de PVT,Batata palha,Mousse de maracujá,0.0,27.5,25.6,56.66666666666666,2.3000000000000003,5.566666666666666,0
2023,3,qui,9,159.0,Hamburguer,Hamburguer de grão de bico,Macarrão,Bombom,0.0,27.23333333333333,25.133333333333336,64.66666666666667,1.3,5.3,0
2023,3,sex,10,84.0,Lombo,Ovo frito,Couve,Sagu,0.2666666666666666,24.96666666666667,23.03333333333333,74.33333333333333,1.3333333333333333,4.966666666666667,0
2023,3,seg,13,428.0,Bife,Quibe de brócolis,Repolho,Alfajor,0.0,26.133333333333336,24.83333333333333,71.33333333333333,1.9,4.933333333333334,1
2023,3,ter,14,714.0,Frango empanado,Bife de grão de bico,Creme de milho,Arroz doce,0.0,25.53333333333333,23.1,78.0,1.8333333333333333,6.2,1
2023,3,qua,15,356.0,Carne em cubos,PVT,Batata,Barra de cereais,0.0,24.633333333333336,23.33333333333333,72.33333333333333,2.1333333333333333,5.533333333333334,1
2023,3,qui,16,346.0,Pernil,Ovo frito,Virado,Manjar,0.0,27.266666666666666,25.566666666666663,60.333333333333336,2.8000000000000003,7.233333333333333,1
2023,3,sex,17,309.0,Filé de peixe,Grãos com queijo,Brócolis,Sorvete,0.0,26.1,24.366666666666664,61.333333333333336,1.8333333333333333,6.166666666666667,1
2023,3,seg,20,804.0,Linguiça,PVT,Vagem,Iogurte,0.0,28.23333333333333,26.33333333333333,57.66666666666666,1.8333333333333333,5.066666666666666,1
2023,3,ter,21,751.0,Carne de panela,Almôndega de feijão,Purês,Gelatina,0.0,28.633333333333336,26.566666666666663,48.66666666666666,1.4333333333333331,4.3,1
2023,3,qua,22,790.0,frango assado,Ovo frito,Polenta,Barra de cereais,0.0,28.83333333333333,26.766666666666666,54.333333333333336,2.333333333333333,7.2,1
2023,3,qui,23,734.0,Estrogonofe de carne,Estrogonofe de PVT,Batata palha,Brigadeirão,0.0,27.866666666666664,26.2,60.0,1.9666666666666668,6.533333333333334,1
2023,3,sex,24,407.0,Filé de frango,Grão de bico,Macarrão,Pudim de maria mole,0.0,28.8,26.766666666666666,52.66666666666666,1.8333333333333333,5.266666666666667,1
2023,3,seg,27,756.0,Bife,Ovo cozido,Chuchu,Barra de cereais,0.0,28.366666666666664,26.46666666666667,62.0,1.6666666666666667,5.533333333333334,1
2023,3,ter,28,843.0,Fricassê de frango,Grãos gratinados,Batata,Sorvete,0.0,26.5,25.366666666666664,69.0,2.2,5.766666666666667,1
2023,3,qua,29,734.0,Cubos de pernil,Curry de legumes,Mandioca,Pudim de coco,0.0,28.066666666666663,26.2,63.0,2.5,6.7,1
2023,3,qui,30,733.0,Carne moída,PVT,Nhoque,Chocolate,0.0,27.1,25.5,64.0,2.6,6.566666666666666,1
2023,3,sex,31,519.0,Bife,Lasanha de queijo,Couve-flor,Gelatina,0.0,29.166666666666668,27.433333333333334,57.0,1.9333333333333331,5.7,1
2023,4,seg,3,102.0,Linguiça,Ovo frito,Farofa,Torrone,0.0,26.433333333333334,24.6,61.0,2.1666666666666665,6.666666666666667,0
2023,4,ter,4,145.0,Estrogonofe de frango,Estrogonofe de PVT,Batata palha,Sagu,0.0,26.73333333333333,24.96666666666667,59.66666666666666,0.9666666666666668,3.9333333333333336,0
2023,4,qua,5,132.0,Bife,Hamburguer de lentilha,Mandioca,Ovo de páscoa,0.0,27.73333333333333,25.566666666666663,54.0,1.9,5.633333333333333,0
2023,4,qui,6,131.0,Peixe frito,Grãos com queijo,Legumes,Chocolate,0.0,26.633333333333336,25.2,60.333333333333336,2.4,7.333333333333333,0
2023,4,seg,10,720.0,Fricassê de frango,Estrogonofe de legumes,Batata palha,Bolinho,0.0,25.433333333333334,24.0,59.0,2.4,6.733333333333334,1
2023,4,ter,11,751.0,Lombo,Ovo cozido,Couve,Pudim de pão,0.0,25.53333333333333,23.866666666666664,61.0,2.566666666666667,6.7,1
2023,4,qua,12,767.0,Bife,Moussaka,Macarrão,Goiabada,0.0,24.73333333333333,22.8,66.66666666666667,2.2333333333333334,6.066666666666666,1
2023,4,qui,13,654.0,Lasanha bolonhesa,Lasanha de PVT,Acelga,Gelatina,0.0,28.133333333333336,25.266666666666666,58.0,1.3,4.4,1
2023,4,sex,14,471.0,Frango empanado,Curry de legumes,Cenoura,Bombom,0.0,23.133333333333336,20.0,79.33333333333333,1.5666666666666669,4.2,1
2023,4,seg,17,716.0,Bife,PVT,Legumes,Chocolate,0.0,26.73333333333333,24.83333333333333,63.333333333333336,2.833333333333333,7.7,1
2023,4,ter,18,800.0,Hamburguer,Hamburguer de grão de bico,Macarrão,Sorvete,0.1999999999999999,24.7,23.266666666666666,83.33333333333333,2.2333333333333334,7.533333333333334,1
2023,4,qua,19,765.0,Bife,Quibe de brócolis,Acelga,Manjar,0.0,23.96666666666667,22.366666666666664,64.0,1.5,6.1000000000000005,1
2023,4,qui,20,582.0,Pernil,Lasanha de berinjela,Farofa,Banana caramelada,0.0,20.633333333333336,19.0,47.333333333333336,1.1,5.766666666666667,1
2023,4,seg,24,707.0,Frango empanado,Rondele,Vagem,Iogurte,0.0,23.9,22.3,54.66666666666666,2.1666666666666665,6.766666666666667,1
2023,4,ter,25,744.0,Bife,Tomate recheado,Quiabo,Canjica,0.3333333333333333,24.366666666666664,22.866666666666664,57.66666666666666,2.066666666666667,5.566666666666666,1
2023,4,qua,26,813.0,Carne em cubos,Almôndega de PVT,Cenoura,Gelatina,3.8,18.5,17.666666666666668,94.33333333333331,1.7,6.833333333333333,1
2023,4,qui,27,666.0,Lombo,Omelete,Couve,Bananada,0.0,22.666666666666668,20.666666666666668,70.66666666666667,0.8333333333333334,2.766666666666667,1
2023,4,sex,28,516.0,frango assado,Cassoulet,Polenta,Rocambole de chocolate,0.0,24.166666666666668,21.433333333333334,67.0,0.8666666666666667,3.8666666666666663,1
2023,5,ter,2,692.0,Frango empanado,Ovo frito,Creme de milho,Torrone,0.0,25.33333333333333,23.433333333333334,52.66666666666666,2.1333333333333333,5.933333333333334,1
2023,5,qua,3,670.0,Estrogonofe de carne,Estrogonofe de grão de bico,Batata palha,Sorvete,0.0,25.433333333333334,23.83333333333333,49.333333333333336,1.8333333333333333,4.966666666666666,1
2023,5,qui,4,718.0,Lombo,Suflê de legumes,Couve,Brigadeirão,0.0,26.766666666666666,25.566666666666663,46.333333333333336,2.033333333333333,5.566666666666666,1
2023,5,sex,5,546.0,frango assado,Cassoulet,Polenta,Goiabada,0.0,27.433333333333334,26.266666666666666,44.333333333333336,1.3,5.233333333333333,1
2023,5,seg,8,722.0,Carne moída,PVT,Vagem,Cocada,0.0,25.7,24.0,54.66666666666666,1.3333333333333333,4.9,1
2023,5,ter,9,612.0,Bife,Omelete,Cuscuz,Gelatina,0.0,26.933333333333334,24.933333333333334,51.0,0.4000000000000001,3.1,1
2023,5,qua,10,717.0,frango assado,Grãos com queijo,Legumes,Manjar,0.0,25.600000000000005,24.6,59.333333333333336,0.9,3.766666666666667,1
2023,5,qui,11,529.0,Lagarto,Bife de lentilha,Nhoque,Iogurte,0.0,23.4,21.166666666666668,69.66666666666667,0.3999999999999999,3.1666666666666665,1
2023,5,sex,12,383.0,Pernil,Grão de bico,Virado,Bombom,0.0,21.7,19.433333333333334,60.0,0.7000000000000001,3.4,1
2023,5,seg,15,702.0,Bife,Tomate recheado,Mandioca,Sorvete,0.0,22.46666666666667,20.7,36.66666666666666,1.9666666666666668,5.933333333333334,1
2023,5,ter,16,636.0,Peixe frito,Quibe de brócolis,Batata doce,Gelatina,0.0,22.933333333333334,21.73333333333333,29.666666666666668,2.5,6.866666666666667,1
2023,5,qua,17,663.0,Lombo,Cassoulet,Farofa,Chocolate,0.0,21.2,19.33333333333333,48.66666666666666,2.6333333333333333,7.1000000000000005,1
2023,5,qui,18,625.0,Carne em cubos,PVT,Ervilha parmentier,Pudim de morango,0.0,23.53333333333333,21.8,42.0,1.6,4.933333333333334,1
2023,5,sex,19,421.0,Bife,Omelete,Legumes,Barra de cereais,0.0,23.1,21.4,48.66666666666666,1.2,4.7,1
2023,5,seg,22,704.0,Linguiça,Grão de bico,Virado,Bolinho,0.0,23.433333333333334,21.666666666666668,40.333333333333336,3.033333333333333,6.766666666666667,1
2023,5,ter,23,748.0,Carne moída,Ovo cozido,Batata,Mousse de morango,0.0,23.2,21.8,46.0,2.566666666666667,5.933333333333334,1
2023,5,qua,24,749.0,Pernil,PVT,Couve,Barra de cereais,0.0,22.633333333333336,20.966666666666665,56.0,4.0,9.2,1
2023,5,qui,25,648.0,Bife,Estrogonofe de grão de bico,Repolho,Iogurte,0.0,23.3,21.166666666666668,57.333333333333336,3.2,8.166666666666666,1
2023,5,sex,26,467.0,Frango xadrez,Curry de legumes,Cenoura,Gelatina,0.0,24.23333333333333,22.366666666666664,50.333333333333336,3.1333333333333333,7.566666666666667,1
2023,5,seg,29,621.0,Frango empanado,Ovo cozido,Creme de milho,Picolé,0.0,20.96666666666667,19.466666666666665,67.66666666666667,3.0,6.866666666666667,1
2023,5,ter,30,649.0,Hamburguer,Hamburguer de feijão branco,Purês,Flan de baunilha,0.0,19.73333333333333,18.766666666666666,69.66666666666667,3.5666666666666664,8.8,1
2023,5,qua,31,616.0,Carne em cubos,Almôndega de PVT,Polenta,Bolinho,0.0666666666666666,17.46666666666667,16.466666666666665,95.0,0.5333333333333333,2.9,1
2023,6,qui,1,672.0,Bisteca,PVT,Farofa,Brigadeirão,0.0,18.933333333333334,17.3,77.33333333333333,1.8,5.066666666666666,1
2023,6,sex,2,400.0,frango assado,Almôndega de ricota,Macarrão,Pé de moça,0.0,22.666666666666668,21.366666666666664,58.0,1.9333333333333331,5.0,1
2023,6,qua,7,471.0,Frango empanado,Estrogonofe de grão de bico,Legumes,Pudim de pão,0.0,22.366666666666664,20.633333333333333,51.333333333333336,2.1333333333333333,6.533333333333334,1
2023,6,seg,12,560.0,Frango empanado,Bife de grão de bico,Creme de milho,Bananada,0.0,26.1,24.7,41.66666666666666,2.4333333333333336,6.266666666666667,1
2023,6,ter,13,640.0,Carne louca,Curry de legumes,Batata,Arroz doce,0.0,20.53333333333333,19.4,71.33333333333333,2.0333333333333337,6.733333333333333,1
2023,6,qua,14,633.0,Isca de carne,PVT,Macarrão,Barra de cereais,2.6,16.133333333333333,15.733333333333334,94.33333333333331,1.6666666666666667,4.7,1
2023,6,qui,15,557.0,Pernil,Ovo frito,Couve,Manjar,4.666666666666667,16.433333333333334,15.966666666666669,96.0,0.8666666666666666,3.866666666666667,1
2023,6,sex,16,372.0,Filé de peixe,Grãos com queijo,Brócolis,Sorvete,0.0,11.8,10.666666666666666,97.0,1.0666666666666669,4.333333333333333,1
2023,6,seg,19,643.0,Linguiça,PVT,Purês,Iogurte,0.0,21.166666666666668,19.23333333333333,49.0,2.8666666666666667,6.400000000000001,1
2023,6,ter,20,645.0,Carne de panela,Almôndega de feijão,Macarrão,Gelatina,0.0,21.9,20.266666666666666,49.0,2.6,7.066666666666666,1
2023,6,qua,21,692.0,frango assado,Ovo frito,Polenta,Torrone,0.0,22.666666666666668,21.066666666666663,45.333333333333336,1.8333333333333333,5.833333333333333,1
2023,6,qui,22,508.0,Quibe,Quibe de PVT,Vagem,Curau,0.0,22.2,20.4,48.66666666666666,2.766666666666667,6.833333333333333,1
2023,6,sex,23,442.0,Filé de frango,Grão de bico,Legumes,Brigadeirão,0.0,22.7,20.73333333333333,47.333333333333336,2.0,6.0,1
2023,6,seg,26,472.0,Carne moída,PVT,Ervilha parmentier,Goiabada,0.0,23.3,21.7,48.333333333333336,2.5666666666666664,6.6000000000000005,1
2023,6,seg,26,472.0,Hamburguer,Grãos gratinados,Legumes,Chocolate,0.0,23.3,21.7,48.333333333333336,2.5666666666666664,6.6000000000000005,1
2023,6,ter,27,563.0,Hamburguer,Grãos gratinados,Legumes,Chocolate,0.0,24.366666666666664,22.73333333333333,43.0,2.7,6.566666666666666,1
2023,6,qua,28,569.0,Filé de frango,Lasanha de queijo,Cenoura,Gelatina,0.0,24.73333333333333,23.1,44.333333333333336,2.4,7.033333333333334,1
2023,6,qui,29,459.0,Bife,Ovo cozido,Nhoque,Kit junino,0.0,23.866666666666664,22.46666666666667,45.333333333333336,2.1333333333333333,5.400000000000001,1
2023,6,sex,30,372.0,Pernil,Bife de PVT,Farofa,Mousse de limão,0.0,22.566666666666663,20.933333333333334,51.0,2.733333333333333,7.166666666666667,1
2023,7,seg,3,461.0,Bife,Suflê de legumes,Batata doce,Goiabada,0.0,21.1,19.3,45.66666666666666,2.733333333333333,7.033333333333334,1
2023,7,ter,4,369.0,Isca de frango,Grão de bico,Batata palha,Canjica,0.0,20.366666666666664,18.566666666666663,50.66666666666666,2.833333333333333,6.7,1
2023,7,qua,5,453.0,Feijoada,Feijoada vegetariana,Couve,Gelatina,0.0,22.1,20.1,41.66666666666666,1.9,6.033333333333334,1
2023,7,qui,6,427.0,Carne moída,Ovo frito,Macarrão,Chocolate,0.0,21.2,19.6,44.0,2.3666666666666667,7.066666666666666,1
2023,7,sex,7,268.0,Isca de carne,Quibe de brócolis,Legumes,Barra de cereais,0.0,22.133333333333336,20.266666666666666,41.0,2.3666666666666667,6.966666666666666,1
2023,7,seg,10,283.0,Fricassê de frango,Bife de lentilha,Batata palha,Goiabada,0.0,25.633333333333336,23.7,46.333333333333336,2.1,5.3,1
2023,7,ter,11,296.0,Lombo,Ovo cozido,Farofa,Pudim de maria mole,0.0,27.766666666666666,26.133333333333336,33.666666666666664,1.8333333333333333,4.6,1
2023,7,qua,12,372.0,Estrogonofe de carne,Estrogonofe de grão de bico,Batata,Bolinho,0.0,26.166666666666668,24.53333333333333,37.333333333333336,2.466666666666667,6.733333333333333,1
2023,7,qui,13,261.0,Lasanha bolonhesa,Lasanha de PVT,Cenoura,Gelatina,0.0,24.133333333333336,22.933333333333334,55.66666666666666,3.366666666666667,10.8,1
2023,7,sex,14,176.0,Frango empanado,Curry de legumes,Acelga,Bombom,0.0,16.900000000000002,14.733333333333334,39.66666666666666,0.3999999999999999,4.866666666666666,1
2023,7,seg,17,102.0,Bife,Almôndega de aveia,Mandioca,Torrone,0.0,25.766666666666666,24.133333333333336,46.333333333333336,0.9666666666666668,5.1000000000000005,0
2023,7,ter,18,93.0,Linguiça,PVT,Ervilha parmentier,Beijinho,0.0,27.266666666666666,25.7,42.66666666666666,1.7,5.4,0
2023,8,seg,7,533.0,Fricassê de frango,Curry de legumes,Batata palha,Doce de leite,0.0,27.53333333333333,25.83333333333333,27.666666666666668,3.0666666666666664,8.0,1
2023,8,ter,8,632.0,Lasanha bolonhesa,Lasanha de PVT,Chuchu,Rocambole de chocolate,0.0,24.266666666666666,22.33333333333333,55.333333333333336,3.233333333333333,6.8,1
2023,8,qua,9,631.0,Bife,Omelete,Abobrinha,Mousse de limão,0.0,25.4,22.96666666666667,49.0,4.233333333333333,11.033333333333331,1
2023,8,qui,10,559.0,Feijoada,Feijoada vegetariana,Couve,Gelatina,0.0,26.73333333333333,24.5,41.66666666666666,3.533333333333333,8.700000000000001,1
2023,8,sex,11,227.0,Filé de peixe,Suflê de legumes,Batata,Surpresa de abacaxi,0.0,28.46666666666667,26.366666666666664,35.666666666666664,2.2666666666666666,7.133333333333333,1
2023,8,qua,16,718.0,Frango empanado,PVT,Creme de milho,Goiabada,0.0,25.83333333333333,24.2,47.0,3.4,7.766666666666667,1
2023,8,qui,17,660.0,Carne moída,Bife de grão de bico,Ervilha parmentier,Bombom,0.0,25.450000000000003,23.450000000000003,44.5,2.8,6.7,1
2023,8,sex,18,428.0,Carne de panela,Moussaka,Nhoque,Sorvete,0.0,27.7,25.633333333333336,35.666666666666664,2.9,8.200000000000001,1
2023,8,seg,21,558.0,Frango empanado,Quibe de PVT,Acelga,Bananada,0.0,24.73333333333333,22.4,48.66666666666666,1.3,4.833333333333333,1
2023,8,ter,22,745.0,Bife,Tomate recheado,Legumes,Gelatina,0.0,27.9,26.03333333333333,34.0,3.0666666666666664,7.766666666666666,1
2023,8,qua,23,714.0,Estrogonofe de carne,Suflê de legumes,Batata palha,Barra de cereais,0.0,30.933333333333334,28.766666666666666,26.33333333333333,3.6666666666666665,9.266666666666666,1
2023,8,qui,24,631.0,Lombo,Omelete,Virado,Brigadeirão,0.0,31.96666666666667,29.933333333333334,29.0,2.2666666666666666,7.233333333333333,1
2023,8,sex,25,356.0,Hamburguer,Hamburguer de grão de bico,Macarrão,Pudim de maria mole,0.0,29.633333333333336,27.666666666666668,37.333333333333336,2.6,7.1000000000000005,1
2023,8,seg,28,551.0,Linguiça,Curry de legumes,Farofa,Barra de cereais,0.0,19.6,17.066666666666666,67.66666666666667,1.7666666666666668,5.833333333333333,1
2023,8,ter,29,752.0,frango assado,Grão de bico,Polenta,Sorvete,0.0,19.6,18.23333333333333,78.33333333333333,2.0,5.266666666666667,1
2023,8,qua,30,537.0,Carne moída,Cassoulet,Batata,Pudim de pão,0.0,25.3,23.03333333333333,55.0,1.3333333333333333,5.4,1
2023,8,qui,31,541.0,Bife,Lasanha de queijo,Couve-flor,Chocolate,0.0,26.666666666666668,24.0,42.66666666666666,1.2333333333333334,5.033333333333333,1
2023,9,sex,1,307.0,Pernil,Almôndega de feijão,Cenoura,Bolinho,0.0,27.53333333333333,25.2,46.66666666666666,2.966666666666667,7.6,1
2023,9,seg,4,118.0,Bife,Tomate recheado,Mandioca,Goiabada,0.0,30.23333333333333,28.2,47.66666666666666,4.233333333333333,9.8,0
2023,9,ter,5,122.0,Lasanha bolonhesa,Lasanha de PVT,Vagem,Barra de cereais,0.0,24.666666666666668,22.46666666666667,74.0,2.8000000000000003,6.533333333333334,0
2023,9,qua,6,96.0,Frango empanado,Estrogonofe de grão de bico,Legumes,Pudim de pão,0.0,24.83333333333333,23.0,58.66666666666666,2.6,7.099999999999999,0
2023,9,seg,11,545.0,Frango empanado,Bife de grão de bico,Creme de milho,Doce de banana,0.0,28.03333333333333,26.3,33.666666666666664,2.9,9.366666666666664,1
2023,9,ter,12,659.0,Carne louca,Suflê de legumes,Batata,Arroz doce,0.0,29.266666666666666,26.8,30.0,2.3666666666666667,7.233333333333333,1
2023,9,qua,13,639.0,Isca de carne,PVT,Macarrão,Barra de cereais,0.0,31.3,29.5,27.33333333333333,3.966666666666667,9.933333333333332,1
2023,9,qui,14,624.0,Pernil,Ovo frito,Couve,Manjar,0.0,20.966666666666665,19.3,78.33333333333333,2.4,7.366666666666667,1
2023,9,sex,15,254.0,Filé de peixe,Grãos com queijo,Brócolis,Sorvete,0.0,21.766666666666666,19.23333333333333,57.0,1.5,3.966666666666667,1
2023,9,seg,18,520.0,Linguiça,PVT,Purês,Iogurte,0.0,30.46666666666667,28.1,39.66666666666666,1.7,6.666666666666667,1
2023,9,ter,19,776.0,Carne de panela,Almôndega de feijão,Macarrão,Gelatina,0.0,30.933333333333337,29.066666666666663,29.666666666666668,1.2,5.766666666666667,1
2023,9,qua,20,648.0,frango assado,Ovo frito,Polenta,Torrone,0.0,30.566666666666663,28.7,29.33333333333333,2.3000000000000003,6.933333333333334,1
2023,9,qui,21,618.0,Estrogonofe de carne,Quibe de brócolis,Batata palha,Curau,0.0,31.1,29.0,33.666666666666664,1.9333333333333336,6.166666666666667,1
2023,9,sex,22,261.0,Filé de frango,Grão de bico,Legumes,Flan de baunilha,0.0,31.666666666666668,29.866666666666664,33.666666666666664,2.033333333333333,6.8,1
2023,9,seg,25,430.0,Carne moída,PVT,Ervilha parmentier,Goiabada,0.0,35.63333333333333,33.733333333333334,25.666666666666668,1.3333333333333333,4.866666666666666,1
2023,9,ter,26,621.0,Bife,Moussaka,Cenoura,Torrone,0.0,35.1,32.96666666666667,28.666666666666668,2.6333333333333333,7.599999999999999,1
2023,9,qua,27,601.0,frango assado,Cassoulet,Chuchu,Gelatina,0.0,31.133333333333336,29.46666666666667,51.66666666666666,2.1333333333333333,7.733333333333334,1
2023,9,qui,28,532.0,Hamburguer,Hamburguer de grão de bico,Macarrão,Bolinho,0.0,20.933333333333334,18.83333333333333,67.66666666666667,3.9333333333333336,9.9,1
2023,9,sex,29,294.0,Lombo,Ovo cozido,Farofa,Mousse de limão,0.0,26.96666666666667,24.266666666666666,54.66666666666666,2.333333333333333,6.966666666666666,1
2023,10,seg,2,479.0,Bife,Lasanha de queijo,Cenoura,Torrone,0.0,26.633333333333336,24.633333333333336,70.33333333333333,2.066666666666667,5.866666666666667,1
2023,10,ter,3,602.0,Carne moída,PVT,Nhoque,Arroz doce,0.0,29.1,26.899999999999995,61.0,1.9,5.9,1
2023,10,qua,4,642.0,Frango empanado,Ovo cozido,Creme de milho,Bombom,0.0,29.166666666666668,27.83333333333333,58.0,2.533333333333333,6.5,1
2023,10,qui,5,496.0,Filé de peixe,Grãos com queijo,Brócolis,Barra de cereais,0.0,31.433333333333334,29.133333333333336,52.0,2.5,8.366666666666667,1
2023,10,sex,6,218.0,Linguiça,PVT,Virado,Picolé,0.0,29.066666666666663,26.866666666666664,63.333333333333336,2.5,6.066666666666666,1
2023,10,seg,9,416.0,Carne em cubos,Quibe de brócolis,Vagem,Barra de cereais,0.0,22.566666666666663,21.23333333333333,78.66666666666667,0.9666666666666668,4.366666666666667,1
2023,10,ter,10,581.0,Lombo,Ovo cozido,Farofa,Gelatina,0.0,27.666666666666668,26.166666666666668,44.333333333333336,1.7666666666666666,5.3,1
2023,10,qua,11,109.0,frango assado,Suflê de legumes,Macarrão,Bolinho,0.0,29.866666666666664,27.866666666666664,53.333333333333336,2.533333333333333,6.066666666666666,1
2023,10,seg,16,439.0,Frango empanado,Moussaka,Legumes,Bolinho,0.0,29.766666666666666,28.4,56.333333333333336,2.0666666666666664,7.2,1
2023,10,ter,17,665.0,Lasanha bolonhesa,Lasanha de PVT,Acelga,Mousse de limão,0.0,23.03333333333333,21.83333333333333,74.33333333333333,1.8333333333333333,6.566666666666666,1
2023,10,qua,18,552.0,frango assado,Cassoulet,Polenta,Flan de baunilha,0.0,28.8,27.1,55.333333333333336,1.7333333333333334,5.366666666666667,1
2023,10,qui,19,576.0,Lagarto,Ovo frito,Farofa,Sorvete,0.0,25.96666666666667,24.4,64.66666666666667,2.0,5.166666666666667,1
2023,10,sex,20,257.0,Bisteca,Grão de bico,Couve,Barra de cereais,0.0,24.53333333333333,23.23333333333333,73.0,1.5666666666666664,5.333333333333333,1
2023,10,seg,23,483.0,Bife,Tomate recheado,Abobrinha,Chocolate,0.0,31.2,29.366666666666664,39.333333333333336,1.2333333333333334,5.166666666666667,1
2023,10,ter,24,662.0,Hamburguer,Hamburguer de lentilha,Macarrão,Bolinho,0.0,32.13333333333333,30.433333333333334,36.0,3.5,8.733333333333333,1
2023,10,qua,25,512.0,Lombo,Grão de bico,Farofa,Goiabada,0.0,28.73333333333333,27.133333333333336,51.66666666666666,1.4333333333333331,5.633333333333333,1
2023,10,qui,26,610.0,Carne moída,PVT,Erro de leitura,Manjar,0.0,29.166666666666668,27.766666666666666,56.0,1.7,6.866666666666667,1
2023,10,sex,27,368.0,Filé de frango,Omelete,Legumes,Brigadeirão,0.0,25.633333333333336,24.066666666666663,74.0,2.066666666666667,5.7,1
2023,10,seg,30,416.0,Bife,Bobó de abóbora,Legumes,Iogurte,0.0,29.166666666666668,27.633333333333336,58.333333333333336,1.7666666666666666,5.2,1
2023,10,ter,31,484.0,Pernil,Curry de legumes,Cenoura,Gelatina,0.0,29.666666666666668,28.2,52.333333333333336,1.0333333333333334,3.8666666666666663,1
2023,11,qua,1,434.0,Filé de frango,Grão de bico,Purês,Sorvete,0.0,25.666666666666668,23.933333333333334,67.66666666666667,0.9333333333333332,3.4,1
2023,11,seg,6,299.0,Frango empanado,Omelete,Repolho com cenoura,Bolinho,0.0,27.8,26.066666666666663,38.0,2.1,5.366666666666667,1
2023,11,ter,7,533.0,Bife,Tomate recheado,Chuchu,Arroz doce,0.0,28.2,26.433333333333334,39.66666666666666,3.033333333333333,7.033333333333334,1
2023,11,qua,8,466.0,Lombo,PVT,Mandioca,Pé de moça,0.0,30.066666666666663,27.933333333333334,36.66666666666666,1.8333333333333333,5.833333333333333,1
2023,11,qui,9,502.0,Carne em cubos,Almôndega de aveia,Macarrão,Manjar,0.0,31.5,29.666666666666668,35.333333333333336,3.0,8.333333333333334,1
2023,11,sex,10,263.0,Filé de peixe,Grãos com queijo,Batata,Barra de cereais,0.0,31.3,29.5,44.333333333333336,1.7666666666666668,6.866666666666667,1
2023,11,seg,13,340.0,Linguiça,Cassoulet,Virado,Bananada,0.0,35.766666666666666,34.06666666666667,23.0,2.8000000000000003,7.2,1
2023,11,ter,14,490.0,Lasanha bolonhesa,Lasanha de PVT,Abobrinha,Mosaico,0.0,35.800000000000004,34.13333333333333,25.33333333333333,3.8,9.9,1
2023,11,qui,16,336.0,Frango empanado,Ovo frito,Acelga,Torrone,0.0,31.46666666666667,29.73333333333333,40.66666666666666,2.4333333333333336,7.0,1
2023,11,sex,17,143.0,Bife,Moussaka,Polenta,Picolé,0.0,34.5,32.53333333333333,32.0,1.8,6.400000000000001,1
2023,11,ter,21,484.0,Bife,Omelete,Batata,Doce de leite,0.0,28.9,27.1,58.0,1.5666666666666669,5.233333333333333,1
2023,11,qua,22,572.0,frango assado,Quibe de brócolis,Abobrinha,Gelatina,0.0,28.633333333333336,26.566666666666663,65.0,2.1666666666666665,6.166666666666667,1
2023,11,qui,23,563.0,Hamburguer,Hamburguer de PVT,Macarrão,Bombom,0.0,27.366666666666664,25.866666666666664,65.0,1.3666666666666665,4.3,1
2023,11,sex,24,187.0,Bisteca,Curry de legumes,Farofa,Arroz doce,0.0,24.46666666666667,23.23333333333333,75.0,2.1666666666666665,6.666666666666667,1
2023,11,seg,27,449.0,Bife,Grão de bico,Chuchu,Cocada,0.0,26.73333333333333,25.133333333333336,68.0,2.566666666666667,7.866666666666667,1
2023,11,ter,28,464.0,Carne louca,Almôndega de ricota,Macarrão,Pudim de pão,0.0,28.933333333333334,27.1,56.66666666666666,3.033333333333333,8.4,1
2023,11,qua,29,452.0,frango assado,Bife de PVT,Ervilha parmentier,Bolinho,0.0,24.9,23.33333333333333,75.0,2.6333333333333333,6.766666666666667,1
2023,11,qui,30,411.0,Pernil,Hamburguer de lentilha,Farofa,Goiabada,0.0,27.633333333333336,25.23333333333333,69.66666666666667,1.4333333333333331,4.8,1
2023,12,sex,1,196.0,Bife,Omelete,Nhoque,Sorvete,0.0,30.46666666666667,28.33333333333333,55.66666666666666,1.3,4.566666666666666,1
2023,12,seg,4,351.0,Frango empanado,Ovo frito,Creme de milho,Goiabada,0.0,29.666666666666668,27.666666666666668,58.66666666666666,1.6666666666666667,6.333333333333333,1
2023,12,ter,5,400.0,Lasanha bolonhesa,Lasanha de PVT,Vagem,Barra de cereais,0.0,27.5,26.066666666666663,65.0,0.9666666666666668,4.2,1
2023,12,qua,6,337.0,Bife,Tomate recheado,Cenoura,Flan de baunilha,0.0,29.23333333333333,26.83333333333333,55.0,1.2333333333333334,5.333333333333333,1
2023,12,qui,7,376.0,Hamburguer,Hamburguer de lentilha,Macarrão,Espumone,0.0,30.96666666666667,29.33333333333333,51.333333333333336,2.4,6.633333333333333,1
2023,12,sex,8,213.0,Lombo,Baião de dois,Farofa,Mousse de limão,0.0,29.766666666666666,28.03333333333333,46.66666666666666,1.3666666666666665,4.7,1
2023,12,seg,11,170.0,Linguiça,Curry de legumes,Abobrinha,Bolinho,0.0,26.6,24.633333333333336,66.0,2.733333333333333,7.0,1
2023,12,ter,12,326.0,Bife,PVT,Polenta,Arroz doce,0.0,27.46666666666667,25.766666666666666,62.333333333333336,1.7,4.966666666666667,1
2023,12,qua,13,368.0,Estrogonofe de carne,Estrogonofe de grão de bico,Batata palha,Chocolate,0.0,29.5,27.433333333333334,47.66666666666666,1.3333333333333333,5.266666666666667,1
2023,12,qui,14,402.0,Frango cremoso,Caneloni de brócolis,Batata,Pavê de bombom,0.0,30.7,28.9,50.333333333333336,1.9333333333333331,7.533333333333334,1
2023,12,sex,15,128.0,Peixe frito,Grãos com queijo,Brócolis,Picolé,0.0,32.333333333333336,30.7,41.66666666666666,2.1333333333333333,7.1000000000000005,1
2023,12,seg,18,68.0,Carne em cubos,Almôndega de feijão,Purês,Goiabada,0.0,31.399999999999995,29.7,42.0,2.066666666666667,5.466666666666666,1
2023,12,ter,19,80.0,Bife,Quibe de brócolis,Chuchu,Gelatina,0.0,29.3,27.566666666666663,53.0,1.9333333333333331,5.866666666666667,1
2023,12,qua,20,47.0,frango assado,PVT,Polenta,Romeu,0.0,28.5,26.6,51.66666666666666,2.566666666666667,6.566666666666666,1
2023,12,qui,21,36.0,Frango empanado,Ovo frito,Creme de milho,Torrone,0.0,29.6,27.53333333333333,51.66666666666666,2.6,7.6,1
2024,1,seg,22,56.0,Bife,PVT,Chuchu,Torrone,0.0,27.933333333333334,26.133333333333336,56.66666666666666,2.3000000000000003,6.333333333333333,0
2024,1,ter,23,99.0,Hamburguer,Hamburguer de lentilha,Macarrão,Manjar,0.3333333333333333,20.73333333333333,19.766666666666666,88.33333333333333,1.9333333333333331,5.133333333333334,0
2024,1,qua,24,108.0,Pernil,Omelete,Farofa,Mousse de morango,0.0,25.066666666666663,23.266666666666666,65.33333333333333,1.8333333333333333,5.133333333333334,0
2024,1,qui,25,108.0,Carne moída,Quibe de PVT,Batata,Gelatina,0.0,24.433333333333334,22.166666666666668,68.33333333333333,2.966666666666667,6.733333333333333,0
2024,1,sex,26,40.0,frango assado,Almôndega de aveia,Quiabo,Iogurte,0.0,25.133333333333336,23.166666666666668,59.66666666666666,1.6666666666666667,5.566666666666666,0
2024,1,seg,29,65.0,Carne em cubos,Ovo frito,Legumes,Cocada,0.0,28.166666666666668,26.4,56.0,2.4333333333333336,6.766666666666667,0
2024,1,ter,30,77.0,Filé de frango,Bife de grão de bico,Purês,Maria mole,0.0,28.4,26.866666666666664,53.66666666666666,1.7333333333333334,4.1000000000000005,0
2024,1,qua,31,74.0,Pernil,Bobó de abóbora,Couve,Barra de cereais,0.0,29.366666666666664,28.0,49.333333333333336,1.1,4.266666666666667,0
2024,2,qui,1,85.0,Bife,Almôndega de aveia,Couve-flor,Goiabada,0.0,26.2,24.433333333333334,58.0,0.7666666666666666,3.9,0
2024,2,sex,2,71.0,Bisteca,Curry de legumes,Farofa,Brigadeirão,0.0,25.33333333333333,23.666666666666668,70.0,2.033333333333333,5.333333333333333,0
2024,2,seg,5,81.0,Bife,Tomate recheado,Mandioca,Iogurte,0.0,28.23333333333333,26.266666666666666,55.0,2.1666666666666665,5.633333333333333,0
2024,2,ter,6,101.0,Frango empanado,Bife de feijão,Creme de milho,Gelatina,0.0,28.1,25.766666666666666,59.333333333333336,0.7666666666666667,3.6666666666666665,0
2024,2,qua,7,99.0,Lombo,Almôndega de aveia,Farofa,Beijinho,0.0,28.73333333333333,26.4,63.333333333333336,1.8333333333333333,4.333333333333333,0
2024,2,qui,8,91.0,Carne em cubos,Quibe de brócolis,Ervilha parmentier,Manjar,0.0,27.433333333333337,25.46666666666667,64.0,1.5666666666666669,4.9,0
2024,2,sex,9,58.0,Filé de peixe,Omelete,Batata,Sagu,0.0,28.96666666666667,27.366666666666664,51.0,2.766666666666667,7.233333333333334,0
2024,2,qui,15,86.0,Bife,Lasanha de queijo,Repolho,Doce de cocada,0.0,22.73333333333333,21.4,87.0,0.4666666666666666,1.9333333333333331,0
2024,2,sex,16,80.0,Carne moída,PVT,Macarrão,Gelatina,0.0,25.0,23.7,76.33333333333333,0.3999999999999999,3.0,0
2024,2,seg,19,89.0,Linguiça,Grão de bico,Farofa,Bolinho,0.7333333333333334,27.866666666666664,24.933333333333334,67.66666666666667,1.5666666666666669,5.4,0
2024,2,ter,20,122.0,Lasanha bolonhesa,Lasanha de PVT,Brócolis,Mousse de chocolate,0.4666666666666666,23.566666666666663,20.9,84.0,1.7,5.033333333333333,0
2024,2,qua,21,117.0,Pernil,PVT,Couve,Picolé,0.0666666666666666,26.9,24.633333333333336,64.0,1.6666666666666667,5.166666666666667,0
2024,2,qui,22,125.0,Hamburguer,Hamburguer de PVT,Purês,Chocolate,0.0,28.1,25.933333333333334,64.33333333333333,2.3666666666666667,6.833333333333333,0
2024,2,sex,23,87.0,Bife,Omelete,Nhoque,Goiabada,0.0,29.366666666666664,27.0,60.333333333333336,2.2,6.566666666666666,0
2024,2,seg,26,318.0,Frango empanado,Almôndega de ricota,Creme de milho,Bolinho,0.0,29.46666666666667,27.7,57.0,2.2666666666666666,6.566666666666666,1
2024,2,ter,27,684.0,Carne moída,PVT,Macarrão,Bananada,0.0,30.96666666666667,28.5,49.0,2.4333333333333336,7.233333333333333,1
2024,2,qua,28,355.0,Estrogonofe de carne,Suflê de legumes,Batata palha,Pudim de maria mole,0.0,32.36666666666667,30.3,46.333333333333336,1.9,7.133333333333333,1
2024,2,qui,29,261.0,Isca de frango,Curry de legumes,Polenta,Barra de cereais,0.0,32.43333333333333,30.46666666666667,49.66666666666666,2.6666666666666665,7.166666666666667,1
2024,3,sex,1,229.0,Bife,Cassoulet,Batata doce,Doce de goiabada,0.0,31.4,29.566666666666663,51.66666666666666,1.6333333333333335,5.766666666666667,1
2024,3,seg,4,760.0,Frango empanado,PVT,Legumes,Doce de leite,0.0,30.4,28.2,53.0,2.2,6.933333333333334,1
2024,3,ter,5,748.0,Lasanha bolonhesa,Lasanha de PVT,Acelga,Doce de banana,0.0,28.96666666666667,26.73333333333333,59.0,2.6666666666666665,7.066666666666666,1
2024,3,qua,6,724.0,frango assado,Suflê de legumes,Purês,Mousse de maracujá,0.0,28.633333333333336,26.4,61.66666666666666,1.4,4.766666666666667,1
2024,3,qui,7,740.0,Hamburguer,Hamburguer de lentilha,Macarrão,Bombom,0.0,28.666666666666668,26.666666666666668,62.0,1.8666666666666665,6.533333333333334,1
2024,3,sex,8,411.0,Lombo,Ovo frito,Chuchu,Flan de baunilha,0.0,29.3,27.266666666666666,61.333333333333336,2.6333333333333333,6.766666666666667,1
2024,3,seg,11,699.0,Bife,Quibe de brócolis,Chuchu,Bolinho,0.0,28.266666666666666,26.2,60.66666666666666,2.066666666666667,5.466666666666666,1
2024,3,ter,12,736.0,Frango empanado,Bife de grão de bico,Creme de milho,Picolé,0.0,29.366666666666664,27.566666666666663,60.66666666666666,2.2333333333333334,6.333333333333333,1
2024,3,qua,13,654.0,Carne em cubos,PVT,Batata,Goiabada,0.0,30.3,28.433333333333334,60.333333333333336,2.2,6.066666666666666,1
2024,3,qua,13,654.0,Bisteca,Baião de dois,Couve,Surpresa de banana,0.0,30.3,28.433333333333334,60.333333333333336,2.2,6.066666666666666,1
2024,3,qui,14,657.0,Pernil,Omelete,Repolho,Manjar,0.0,30.23333333333333,28.433333333333334,58.0,2.1333333333333333,6.166666666666667,1
2024,3,sex,15,373.0,Filé de peixe,Grãos com queijo,Brócolis,Pudim de maria mole,0.0,31.5,29.6,51.0,2.0,6.066666666666666,1
2024,3,seg,18,749.0,Linguiça,Grão de bico,Virado,Iogurte,0.0,30.6,28.6,55.66666666666666,0.9,3.966666666666667,1
2024,3,ter,19,763.0,Carne de panela,Almôndega de aveia,Purês,Gelatina,0.0,30.96666666666667,29.0,58.0,1.2666666666666666,3.533333333333333,1
2024,3,qua,20,691.0,frango assado,Ovo frito,Polenta,Barra de cereais,0.0,27.9,25.83333333333333,70.0,1.3,4.0,1
2024,3,qui,21,749.0,Bife,PVT,Ervilha parmentier,Cocada,0.0,29.866666666666664,27.73333333333333,64.66666666666667,2.266666666666667,6.866666666666667,1
2024,3,qui,21,749.0,Estrogonofe de carne,Estrogonofe de PVT,Batata palha,Brigadeirão,0.0,29.866666666666664,27.73333333333333,64.66666666666667,2.266666666666667,6.866666666666667,1
2024,3,sex,22,358.0,Isca de frango,Ovo frito,Macarrão,Surpresa de abacaxi,0.0,23.866666666666664,22.766666666666666,80.0,3.966666666666667,9.733333333333333,1
2024,3,seg,25,87.0,Bife,Tomate recheado,Chuchu,Barra de cereais,0.0,26.433333333333334,24.4,66.0,1.4,5.666666666666667,0
2024,3,ter,26,138.0,Fricassê de frango,Grão de bico,Legumes,Sorvete,0.1333333333333333,23.433333333333334,21.83333333333333,84.0,1.4666666666666668,4.2,0
2024,3,qua,27,131.0,Cubos de pernil,Curry de legumes,Mandioca,Mosaico,0.0,21.33333333333333,20.83333333333333,87.33333333333333,1.9666666666666668,5.1000000000000005,0
2024,3,qui,28,177.0,Bife,Bobó de palmito,Batata,Ovo de páscoa,0.1333333333333333,21.9,20.466666666666665,87.66666666666667,1.3,4.2,0
2024,4,seg,1,638.0,Bife,Suflê de legumes,Chuchu,Pé de moça,0.0,28.366666666666664,27.03333333333333,44.0,2.0666666666666664,6.0,1
2024,4,ter,2,747.0,Fricassê de frango,Almôndega de aveia,Batata,Sorvete,0.0,26.899999999999995,26.03333333333333,53.0,0.8333333333333334,4.566666666666666,1
2024,4,qua,3,687.0,Cubos de pernil,Curry de legumes,Farofa,Pudim de pão,0.0,28.8,27.366666666666664,49.66666666666666,2.3666666666666667,6.0,1
2024,4,qui,4,744.0,Lasanha bolonhesa,Lasanha de PVT,Repolho,Torrone,0.0,29.7,27.633333333333336,57.0,1.6333333333333335,5.2,1
2024,4,sex,5,327.0,Filé de peixe,Grãos com queijo,Brócolis,Bolinho,0.0,30.066666666666663,27.866666666666664,56.0,1.0,5.1000000000000005,1
2024,4,seg,8,720.0,Carne de panela,Grãos gratinados,Couve-flor,Bombom,0.0,25.46666666666667,24.53333333333333,65.0,1.1,5.366666666666667,1
2024,4,ter,9,722.0,Bisteca,Cassoulet,Couve,Arroz doce,0.0,24.866666666666664,23.53333333333333,69.66666666666667,1.0,5.333333333333333,1
2024,4,qua,10,737.0,Bife,Lasanha de queijo,Legumes,Iogurte,0.0,27.433333333333337,25.2,62.333333333333336,1.2,4.766666666666667,1
2024,4,qui,11,625.0,frango assado,Grão de bico,Macarrão,Gelatina,0.0,28.33333333333333,26.366666666666664,61.66666666666666,1.9666666666666668,5.6000000000000005,1
2024,4,sex,12,440.0,Lombo,Ovo cozido,Virado,Bolinho,0.0,27.133333333333336,25.366666666666664,66.0,3.8333333333333335,9.3,1
2024,4,seg,15,720.0,Frango empanado,Ovo cozido,Creme de milho,Chocolate,0.0,25.7,24.166666666666668,65.0,3.233333333333333,7.766666666666666,1
2024,4,ter,16,729.0,Linguiça,PVT,Farofa,Picolé,0.0,28.366666666666664,26.73333333333333,56.66666666666666,1.6666666666666667,6.533333333333334,1
2024,4,qua,17,629.0,Quibe,Quibe de PVT,Ervilha parmentier,Manjar,0.0,25.4,24.33333333333333,70.66666666666667,1.7,5.3,1
2024,4,qui,18,790.0,Estrogonofe de carne,Estrogonofe de grão de bico,Batata palha,Pé de moça,0.0,24.2,22.53333333333333,70.0,2.466666666666667,6.833333333333333,1
2024,4,sex,19,436.0,Bife,Tomate recheado,Nhoque,Brigadeirão,0.0,25.23333333333333,23.766666666666666,61.333333333333336,1.6,6.5,1
2024,4,seg,22,699.0,Frango empanado,PVT,Creme de milho,Doce de leite,0.0,27.4,25.399999999999995,40.0,1.1,5.233333333333333,1
2024,4,ter,23,671.0,Hamburguer,Hamburguer de lentilha,Macarrão,Flan de baunilha,0.0,28.4,27.1,36.0,0.8666666666666667,5.066666666666666,1
2024,4,qua,24,633.0,Pernil,Baião de dois,Mandioca,Doce de banana,0.0,29.766666666666666,27.866666666666664,36.0,1.2333333333333334,4.166666666666667,1
2024,4,qui,25,580.0,Bife,Quibe de brócolis,Legumes,Mosaico,0.0,28.266666666666666,26.866666666666664,48.66666666666666,2.333333333333333,6.9,1
2024,4,sex,26,448.0,Estrogonofe de frango,Estrogonofe de PVT,Batata palha,Pudim de maria mole,0.0,28.33333333333333,26.7,54.0,2.0333333333333337,6.166666666666667,1
2024,4,seg,29,640.0,Bife,Moussaka,Vagem,Barra de cereais,0.0,29.46666666666667,28.066666666666663,46.66666666666666,2.5,6.733333333333333,1
2024,4,ter,30,611.0,Lombo,Bife de feijão,Farofa,Gelatina,0.0,29.4,27.666666666666668,42.333333333333336,1.0,5.1000000000000005,1
2024,5,qui,2,660.0,Frango empanado,Omelete,Legumes,Bombom,0.0,30.0,28.266666666666666,39.66666666666666,2.733333333333333,6.666666666666667,1
2024,5,sex,3,366.0,frango assado,Cassoulet,Polenta,Goiabada,0.0,30.4,28.633333333333336,33.333333333333336,1.5333333333333332,5.1,1
2024,5,seg,6,669.0,Carne em cubos,Ovo cozido,Ervilha parmentier,Cocada,0.0,27.6,25.8,44.0,2.9,8.0,1
2024,5,ter,7,698.0,Bife,Moussaka,Brócolis,Mousse de morango,0.0,28.83333333333333,26.96666666666667,45.0,1.5666666666666669,5.8,1
2024,5,qua,8,625.0,frango assado,Bife de feijão,Abobrinha,Manjar,0.0,27.766666666666666,25.866666666666664,48.0,2.8666666666666667,8.966666666666667,1
2024,5,qui,9,654.0,Lagarto,PVT,Legumes,Iogurte,0.0,28.433333333333334,26.766666666666666,42.0,0.6,5.7,1
2024,5,sex,10,400.0,Pernil,Baião de dois,Mandioca,Brigadeirão,0.0,27.566666666666663,25.766666666666666,48.0,2.033333333333333,6.6000000000000005,1
2024,5,seg,13,648.0,Bife,Tomate recheado,Mandioca,Picolé,0.0,28.83333333333333,26.8,35.0,2.1333333333333333,6.633333333333333,1
2024,5,ter,14,705.0,Isca de frango,Quibe de brócolis,Vagem,Arroz doce,0.0,27.3,25.73333333333333,53.333333333333336,1.8333333333333333,6.433333333333334,1
2024,5,qua,15,650.0,Lombo,Omelete,Farofa,Chocolate,0.0,26.83333333333333,24.73333333333333,56.66666666666666,0.1999999999999999,4.3,1
2024,5,qui,16,649.0,Carne moída,Suflê de legumes,Polenta,Flan de baunilha,0.0,28.46666666666667,26.6,44.66666666666666,2.1333333333333333,6.333333333333333,1
2024,5,sex,17,354.0,Peixe frito,Almôndega de aveia,Purês,Barra de cereais,0.0,29.03333333333333,27.3,38.333333333333336,2.9333333333333336,7.766666666666667,1
2024,5,seg,20,537.0,Linguiça,Grão de bico,Virado,Bolinho,0.0,28.2,26.5,51.0,0.0,0.7333333333333334,1
2024,5,ter,21,628.0,Lasanha bolonhesa,Lasanha de PVT,Repolho com cenoura,Gelatina,0.0,26.933333333333334,25.433333333333334,49.333333333333336,3.3000000000000003,7.566666666666667,1
2024,5,qua,22,504.0,Lombo,Ovo frito,Couve,Pão de mel,0.0,25.866666666666664,24.133333333333336,51.66666666666666,3.033333333333333,7.733333333333333,1
2024,5,qui,23,615.0,Estrogonofe de carne,Bife de PVT,Batata palha,Barra de cereais,0.0,26.766666666666666,24.933333333333334,36.66666666666666,3.466666666666667,8.8,1
2024,5,sex,24,361.0,Bife,Curry de legumes,Batata,Surpresa de banana,0.0,27.33333333333333,25.23333333333333,50.0,3.533333333333333,10.5,1
2024,5,seg,27,640.0,Frango empanado,Ovo cozido,Creme de milho,Bananada,0.0,21.5,20.53333333333333,78.66666666666667,1.3666666666666665,5.066666666666667,1
2024,5,ter,28,643.0,Hamburguer,Hamburguer de lentilha,Purês,Gelatina,0.0,17.266666666666666,16.533333333333335,86.33333333333333,1.6,5.7,1
2024,5,qua,29,531.0,Carne moída,PVT,Macarrão,Pudim de pão,0.0,19.166666666666668,16.833333333333332,61.0,1.2666666666666666,4.066666666666666,1
2024,6,seg,3,606.0,Frango empanado,Bife de feijão,Creme de milho,Doce de batata,0.0,24.23333333333333,21.7,53.333333333333336,2.1333333333333333,5.966666666666666,1
2024,6,ter,4,734.0,Lasanha bolonhesa,Lasanha de queijo,Vagem,Chocolate,0.0,22.46666666666667,20.7,62.333333333333336,2.466666666666667,6.466666666666666,1
2024,6,qua,5,710.0,Estrogonofe de carne,Estrogonofe de legumes,Batata palha,Flan de baunilha,0.0,24.133333333333336,22.46666666666667,51.333333333333336,2.5,7.399999999999999,1
2024,6,qui,6,560.0,Lombo,Cassoulet,Couve,Mosaico,0.0,25.433333333333334,23.633333333333336,41.66666666666666,1.3333333333333333,6.2,1
2024,6,sex,7,363.0,frango assado,Almôndega de aveia,Abobrinha,Torrone,0.0,25.666666666666668,24.2,41.66666666666666,1.1,5.3,1
2024,6,seg,10,525.0,Frango empanado,Bife de grão de bico,Vagem,Bananada,0.0,25.633333333333336,23.933333333333334,42.66666666666666,2.1,6.033333333333334,1
2024,6,ter,11,646.0,Carne em cubos,Curry de legumes,Batata,Arroz doce,0.0,26.666666666666668,25.1,35.0,0.0,2.466666666666667,1
2024,6,qua,12,644.0,Bife,Tomate recheado,Macarrão,Barra de cereais,0.0,25.23333333333333,23.433333333333334,41.0,2.466666666666667,7.6,1
2024,6,qui,13,505.0,Pernil,Omelete,Mandioca,Pudim de maria mole,0.0,25.03333333333333,23.266666666666666,34.666666666666664,3.533333333333333,8.933333333333334,1
2024,6,sex,14,301.0,frango assado,PVT,Polenta,Mousse de limão,0.0,26.03333333333333,24.1,37.333333333333336,3.3666666666666667,9.266666666666667,1
2024,6,seg,17,493.0,Linguiça,Moussaka,Virado,Iogurte,0.0,25.1,23.066666666666663,40.333333333333336,2.8000000000000003,8.366666666666667,1
2024,6,ter,18,585.0,Quibe,Quibe de PVT,Purês,Gelatina,0.0,24.433333333333334,22.73333333333333,37.66666666666666,3.533333333333333,8.6,1
2024,6,qua,19,336.0,Filé de peixe,Grãos com queijo,Couve-flor,Cocada,0.0,25.666666666666668,23.9,32.666666666666664,2.8666666666666667,8.033333333333333,1
2024,6,qui,20,593.0,Carne louca,Almôndega de aveia,Polenta,Kit junino,0.0,26.3,25.03333333333333,25.33333333333333,1.4666666666666668,5.133333333333333,1
2024,6,sex,21,272.0,Filé de frango,Baião de dois,Legumes,Brigadeirão,0.0,24.9,23.03333333333333,35.666666666666664,2.733333333333333,8.533333333333333,1
2024,6,seg,24,395.0,Carne em cubos,Quibe de brócolis,Batata doce,Pé de moça,0.0,27.433333333333334,25.6,35.666666666666664,1.7333333333333334,6.566666666666666,1
2024,6,ter,25,438.0,Hamburguer,Hamburguer de PVT,Purês,Chocolate,0.0,28.23333333333333,26.266666666666666,38.66666666666666,0.7333333333333334,3.1666666666666665,1
2024,6,qua,26,354.0,Estrogonofe de frango,PVT,Erro de leitura,Canjica,0.0,27.066666666666663,25.266666666666666,39.333333333333336,3.1666666666666665,8.633333333333333,1
2024,6,qui,27,385.0,Carne moída,Ovo cozido,Nhoque,Bolinho,0.0,26.0,24.1,44.0,0.4333333333333333,3.866666666666667,1
2024,7,ter,2,163.0,Isca de frango,Bife de feijão,Batata doce,Manjar,0.0,23.133333333333336,21.133333333333333,51.66666666666666,2.333333333333333,5.8,0
2024,7,qua,3,156.0,Feijoada,Feijoada vegetariana,Couve,Gelatina,0.0,25.566666666666663,23.633333333333336,48.0,0.3999999999999999,5.033333333333334,0
2024,7,qui,4,111.0,Carne moída,Ovo frito,Macarrão,Chocolate,0.0,25.399999999999995,24.4,37.333333333333336,0.0,3.266666666666667,0
2024,7,sex,5,99.0,Isca de carne,Quibe de brócolis,Chuchu,Barra de cereais,0.0,25.46666666666667,23.6,35.666666666666664,0.9,5.866666666666667,0
2024,7,qua,10,105.0,Linguiça,Grão de bico,Erro de leitura,Chocolate,0.1333333333333333,22.566666666666663,20.633333333333336,68.33333333333333,1.6000000000000003,5.066666666666666,0
2024,7,qui,11,128.0,Lasanha bolonhesa,Acelga,Erro de leitura,Gelatina,0.0,27.066666666666663,25.03333333333333,46.333333333333336,1.4,5.333333333333333,0
2024,7,sex,12,106.0,frango assado,Bife de lentilha,Polenta,Bombom,0.0,24.2,21.76666666666667,67.33333333333333,1.6666666666666667,5.733333333333333,0
2024,7,seg,15,96.0,Carne em cubos,Almôndega de aveia,Legumes,Torrone,0.0,25.1,22.8,36.333333333333336,0.3999999999999999,4.7,0
2024,7,ter,16,116.0,Lombo,Curry de legumes,Abobrinha,Beijinho,0.0,23.633333333333336,21.96666666666667,44.333333333333336,3.1333333333333333,8.066666666666666,0
2024,7,qua,17,116.0,Hamburguer,Bife de grão de bico,Purês,Arroz doce,0.0,24.433333333333334,22.566666666666663,40.333333333333336,1.1,4.966666666666666,0
2024,7,qui,18,116.0,Frango empanado,Cassoulet,Creme de milho,Banana caramelada,0.0,25.73333333333333,24.266666666666666,26.0,1.0,5.2,0
2024,7,sex,19,84.0,Carne moída,Hamburguer de PVT,Macarrão,Goiabada,0.0,26.0,24.1,29.33333333333333,1.1333333333333335,4.8,0
2024,7,seg,22,95.0,Frango empanado,Omelete,Creme de milho,Bananada,0.0,26.133333333333336,24.433333333333334,30.33333333333333,0.5666666666666667,3.5,0
2024,7,ter,23,108.0,Estrogonofe de carne,PVT,Batata palha,Canjica,0.0,25.4,23.73333333333333,32.666666666666664,2.1,5.633333333333333,0
2024,7,qua,24,99.0,Bife,Tomate recheado,Vagem,Mosaico,0.0,24.766666666666666,22.83333333333333,30.666666666666668,2.6333333333333333,6.4,0
2024,7,qui,25,101.0,Pernil,Moussaka,Farofa,Cocada,0.0,25.266666666666666,23.433333333333334,29.0,2.1666666666666665,6.733333333333333,0
2024,7,sex,26,79.0,Peixe frito,Grãos com queijo,Brócolis,Bolinho,0.0,25.666666666666668,23.766666666666666,30.0,1.6333333333333335,5.533333333333334,0
2024,7,seg,29,100.0,Bife,Quibe de PVT,Chuchu,Pão de mel,0.0,28.2,25.633333333333336,29.0,3.3666666666666667,8.333333333333334,0
2024,7,ter,30,127.0,Lombo,Lasanha de abobrinha,Batata,Goiabada,0.0,16.933333333333334,15.966666666666669,74.0,2.466666666666667,7.033333333333334,0
2024,7,qua,31,139.0,frango assado,Ovo cozido,Polenta,Pudim de maria mole,0.0,23.73333333333333,22.03333333333333,50.0,3.9,8.533333333333333,0
2024,8,qui,1,136.0,Lagarto,Estrogonofe de grão de bico,Legumes,Picolé,0.0,25.46666666666667,23.33333333333333,38.333333333333336,3.266666666666667,8.0,0
2024,8,sex,2,121.0,Bife,Suflê de legumes,Acelga,Bolinho,0.0,25.3,23.133333333333336,39.333333333333336,3.333333333333333,8.066666666666668,0
2024,8,seg,5,505.0,Frango empanado,Almôndega de aveia,Creme de milho,Doce de leite,0.0,27.53333333333333,25.23333333333333,34.0,2.4,7.399999999999999,1
2024,8,ter,6,586.0,Lasanha bolonhesa,Lasanha de PVT,Legumes,Bolinho,0.0,27.6,25.266666666666666,33.333333333333336,2.2333333333333334,6.833333333333333,1
2024,8,qua,7,588.0,Isca de carne,Cassoulet,Batata doce,Mousse de maracujá,0.0,27.666666666666668,25.6,25.666666666666668,3.466666666666667,9.0,1
2024,8,qui,8,690.0,Feijoada,Feijoada vegetariana,Couve,Gelatina,0.0,28.5,26.766666666666666,26.0,2.9,8.433333333333334,1
2024,8,sex,9,205.0,Filé de peixe,PVT,Batata,Surpresa de abacaxi,0.0,18.933333333333334,17.766666666666666,70.66666666666667,2.2666666666666666,8.366666666666667,1
2024,8,seg,12,582.0,Linguiça,PVT,Farofa,Goiabada,0.0,20.1,18.133333333333336,22.666666666666668,1.3,6.066666666666666,1
2024,8,ter,13,691.0,Bife,Tomate recheado,Ervilha parmentier,Bombom,0.0,19.266666666666666,17.099999999999998,30.33333333333333,1.6666666666666667,6.066666666666666,1
2024,8,qua,14,691.0,Hamburguer,Hamburguer de PVT,Macarrão,Sorvete,0.0,24.03333333333333,21.266666666666666,26.33333333333333,2.5666666666666664,7.033333333333334,1
2024,8,seg,19,532.0,Frango empanado,PVT,Legumes,Doce de banana,0.0,30.666666666666668,28.8,18.33333333333333,1.7666666666666666,6.5,1
2024,8,ter,20,667.0,Carne moída,Curry de legumes,Abobrinha,Gelatina,0.0,31.53333333333333,29.53333333333333,18.33333333333333,0.6666666666666666,4.466666666666667,1
2024,8,qua,21,587.0,Estrogonofe de carne,Grão de bico,Batata palha,Barra de cereais,0.0,29.46666666666667,27.53333333333333,24.666666666666668,3.0666666666666664,8.1,1
2024,8,qui,22,486.0,Lombo,Omelete,Mandioca,Brigadeirão,0.0,30.2,27.6,19.33333333333333,2.9333333333333336,8.799999999999999,1
2024,8,sex,23,260.0,Carne em cubos,Quibe de brócolis,Nhoque,Pudim de pão,0.0,31.46666666666667,29.166666666666668,19.0,4.333333333333333,10.866666666666667,1
2024,8,seg,26,589.0,Fricassê de frango,Bife de PVT,Batata palha,Barra de cereais,0.0,16.6,14.633333333333333,54.66666666666666,2.1333333333333333,6.633333333333333,1
2024,8,ter,27,808.0,Lombo,Bife de grão de bico,Farofa,Sorvete,0.0,21.633333333333336,19.4,32.0,2.1,5.8,1
2024,8,qua,28,627.0,Carne moída,PVT,Batata,Manjar,0.0,24.633333333333336,22.266666666666666,45.333333333333336,3.0666666666666664,7.933333333333334,1
2024,8,qui,29,627.0,Bife,Lasanha de queijo,Couve-flor,Chocolate,0.0,26.73333333333333,24.433333333333334,36.333333333333336,2.066666666666667,7.333333333333333,1
2024,8,sex,30,338.0,frango assado,Almôndega de aveia,Polenta,Iogurte,0.0,28.166666666666668,26.4,28.33333333333333,0.4666666666666666,4.966666666666667,1
2024,9,ter,3,156.0,Lasanha bolonhesa,Lasanha de PVT,Vagem,Doce de abóbora,0.0,32.63333333333333,30.633333333333336,15.666666666666666,0.5333333333333333,4.966666666666666,0
2024,9,qua,4,124.0,frango assado,Xadrez de grão de bico,Ervilha parmentier,Barra de cereais,0.0,32.23333333333333,30.166666666666668,19.0,3.133333333333333,8.733333333333333,0
2024,9,qui,5,132.0,Carne louca,Ovo cozido,Polenta,Arroz doce,0.0,32.86666666666667,30.6,14.333333333333334,3.333333333333333,9.1,0
2024,9,sex,6,122.0,Filé de frango,Quibe de abóbora,Abobrinha,Pudim de maria mole,0.0,28.3,25.8,34.666666666666664,3.033333333333333,5.933333333333334,0
2024,9,seg,9,409.0,Frango empanado,Suflê de legumes,Creme de milho,Barra de cereais,0.0,31.933333333333337,29.6,22.666666666666668,1.4,6.2,1
2024,9,ter,10,632.0,Carne moída,Bife de grão de bico,Batata,Gelatina,0.0,30.7,28.5,20.0,1.5,9.033333333333331,1
2024,9,qua,11,632.0,Bife,Omelete,Macarrão,Cocada,0.0,31.53333333333333,28.9,19.0,2.566666666666667,8.4,1
2024,9,qui,12,582.0,Pernil,Moussaka,Couve,Manjar,0.0,31.23333333333333,29.433333333333334,16.666666666666668,2.8000000000000003,9.7,1
2024,9,sex,13,196.0,Filé de peixe,Batatalhoada,Brócolis,Torrone,0.0,31.633333333333336,29.633333333333336,18.666666666666668,3.1333333333333333,9.1,1
2024,9,ter,17,701.0,Lombo,Almôndega de aveia,Couve-flor,Gelatina,0.0,25.3,23.066666666666663,44.333333333333336,2.966666666666667,7.6,1
2024,9,qua,18,619.0,Carne moída,Grãos gratinados,Macarrão,Chocolate,0.0,27.53333333333333,24.4,44.66666666666666,2.0,7.266666666666667,1
2024,9,qui,19,656.0,Estrogonofe de carne,PVT,Batata palha,Surpresa de abacaxi,0.0,30.5,28.03333333333333,35.333333333333336,2.333333333333333,8.633333333333333,1
2024,9,seg,23,576.0,Frango empanado,PVT,Creme de milho,Torrone,0.0,33.2,30.633333333333336,25.666666666666668,2.1333333333333333,6.066666666666666,1
2024,9,ter,24,812.0,Hamburguer,Hamburguer de lentilha,Macarrão,Picolé,0.0,34.05,31.3,24.5,1.95,8.65,1
2024,9,qua,25,538.0,Bife,Cassoulet,Ervilha parmentier,Brigadeirão,0.0,33.36666666666667,31.03333333333333,22.33333333333333,2.7,8.133333333333333,1
2024,9,qui,26,610.0,frango assado,Escondidinho de PVT,Chuchu,Bolinho,0.0,34.4,31.933333333333334,19.0,3.0666666666666664,8.4,1
2024,9,sex,27,298.0,Pernil,Ovo frito,Farofa,Mousse de limão,0.0,30.566666666666663,28.23333333333333,34.666666666666664,1.7,5.9,1
2024,9,seg,30,523.0,Linguiça,Curry de legumes,Cuscuz,Bananada,0.0,30.766666666666666,28.03333333333333,36.0,3.5666666666666664,9.4,1
2024,10,ter ,1,699.0,Carne moída,Cassoulet,Nhoque,Arroz doce,0.0,32.3,29.73333333333333,26.666666666666668,2.833333333333333,8.6,1
2024,10,qua,2,611.0,Lombo,Suflê de legumes,Batata doce,Torrone,0.0,35.26666666666667,33.1,18.0,2.4333333333333336,7.533333333333334,1
2024,10,qui,3,581.0,Frango empanado,Xadrez de PVT,Creme de milho,Pão de mel,0.0,31.46666666666667,29.4,32.666666666666664,1.5666666666666669,6.866666666666667,1
2024,10,qua,9,607.0,Pernil,Curry de legumes,Farofa,Bombom,0.2,33.0,31.4,31.0,2.7,7.4,1
2024,10,sex,11,237.0,Filé de peixe,Quibe de abóbora,Brócolis,Pudim de pão,0.0,28.3,26.7,55.0,3.3,8.3,1
2024,10,ter,15,642.0,Lasanha bolonhesa,Lasanha de PVT,Acelga,Mosaico,0.0,29.53333333333333,27.3,41.0,2.466666666666667,7.966666666666666,1
2024,10,seg,21,457.0,Bife,Tomate recheado,Legumes,Bananada,0.0,26.7,24.9,61.0,1.8,7.1,1
2024,10,ter,22,708.0,Hamburguer,Hamburguer de lentilha,Macarrão,Bolinho,0.0,29.65,26.8,54.5,2.8,6.3,1
2024,10,qua,23,491.0,Lombo,Grão de bico,Farofa,Chocolate,0.0,30.8,29.0,47.0,2.7,7.3,1
2024,10,qui,24,456.0,Carne moída,PVT,cogumelo e shimeji,Pudim de maria mole,0.0,28.1,25.9,66.0,3.1,9.1,1
2024,10,sex,25,236.0,Isca de carne,PVT,Cuscuz,Brigadeirão,0.0,23.5,20.2,83.0,2.5,8.0,1
2024,11,qua,6,536.0,Bife,Quibe de PVT,Purês,Brigadeirão,0.0,24.7,23.5,73.0,2.0,4.8,1
2024,11,seg,11,517.0,Frango empanado,Escondidinho de PVT,Cenoura,Bananada,0.0,28.9,27.6,43.0,2.2,6.7,1
2024,11,ter,12,615.0,Lasanha bolonhesa,Lasanha de PVT,Acelga,Pudim de maria mole,0.0,31.633333333333336,29.633333333333336,27.33333333333333,1.6333333333333335,5.366666666666667,1
2024,11,seg,18,411.0,Linguiça,Batata especial,Vagem,Pão de mel,0.0,30.3,27.9,41.0,0.9,5.0,1
2024,11,ter,19,548.0,Bife,Tomate recheado,Ervilha parmentier,Doce de leite,0.0,30.53333333333333,28.633333333333336,41.0,1.5666666666666669,5.433333333333334,1
2024,11,sex,22,336.0,Carne louca,Omelete,Cuscuz,Arroz doce,0.6,22.3,20.6,85.0,2.3,5.85,1
2024,11,ter,26,497.0,Carne moída,Baião de dois,Batata,Surpresa de abacaxi,0.0,30.8,28.6,34.0,1.6,6.7,1
2024,11,qua,27,545.0,Filé de coxa,Almôndega de ricota,Polenta,Bolinho,0.0,31.5,29.9,37.0,2.6,8.6,1
2024,11,qui,28,418.0,Carne em cubos,PVT,Macarrão,Picolé,0.0,30.966666666666665,29.0,47.66666666666666,2.833333333333333,9.5,1
2024,11,sex,29,144.0,Pernil,Suflê de legumes,Virado,Flan de baunilha,0.0,21.9,20.9,92.0,0.9,5.1,1
2024,12,seg,2,366.0,Linguiça,PVT,Mandioca,Doce de batata,3.8,23.5,22.5,92.0,2.0,8.3,1
2024,12,qua,4,481.0,Filé de frango,Quibe de brócolis,Polenta,Pudim de pão,0.0,23.8,21.7,77.0,0.9,5.4,1
2024,12,sex,6,235.0,Peixe frito,Suflê de legumes,Brócolis,Picolé,0.0,30.0,27.75,55.5,2.65,7.449999999999999,1
2024,12,seg,9,250.0,Frango empanado,Bife de grão de bico,Creme de milho,Bolinho,0.0,30.266666666666666,28.5,51.66666666666666,1.4666666666666668,4.9,1
2024,12,ter,10,250.0,Carne moída,Ovo frito,Ervilha parmentier,Gelatina,0.0,29.2,26.9,64.0,2.7,7.5,1
2024,12,sex,13,128.0,Carne em cubos,Omelete,Nhoque,Picolé,0.0,28.25,26.45,56.5,2.1,6.45,1
2024,12,seg,16,83.0,Bife,Estrogonofe de grão de bico,Chuchu,Romeu,0.0,27.066666666666663,25.4,60.0,2.533333333333333,8.166666666666666,1
2024,12,qua,18,87.0,Lombo,PVT,Mandioca,Doce de abóbora,0.0,29.25,27.0,43.0,1.25,4.85,0
2024,12,qui,19,63.0,Estrogonofe de carne,Almôndega de ricota,Batata palha,Bombom,0.0,30.2,27.9,50.0,2.3,6.0,0
2025,1,seg,27,66.0,Carne em cubos,Omelete,Legumes,Cocada,0.0,27.7,25.7,62.0,2.8,7.0,0
2025,1,ter,28,146.0,Fricassê de frango,Bife de grão de bico,Batata palha,Picolé,0.0,28.65,26.6,54.5,2.7,6.9,0
2025,1,qua,29,139.0,Cubos de pernil,Estrogonofe de grão de bico,Abobrinha,Barra de cereais,0.0,28.3,26.200000000000003,64.5,1.9,6.85,0
2025,2,qua,5,106.0,Lombo,Almôndega de aveia,Farofa,Beijinho,0.0,27.4,25.65,69.0,2.05,6.1,0
2025,2,qui,6,112.0,Isca de carne,Quibe de brócolis,Polenta,Doce de abóbora,0.0,28.73333333333333,27.23333333333333,58.333333333333336,2.1,5.3,0
2025,2,sex,7,93.0,Peixe frito,Xadrez de grão de bico,Purês,Maria mole,0.0,30.633333333333336,28.566666666666663,50.66666666666666,1.5333333333333332,4.766666666666667,0
2025,2,seg,10,114.0,Bife,Lasanha de queijo,Repolho com cenoura,Goiabada,0.0,28.866666666666664,27.1,56.0,2.533333333333333,7.366666666666667,0
2025,2,ter,11,112.0,Linguiça,Batata especial,Couve,Flan de baunilha,0.0,29.6,26.9,47.0,2.1,5.5,0
2025,2,sex,14,106.0,Carne moída,PVT,Ervilha parmentier,Brigadeirão,0.0,29.066666666666663,27.433333333333334,54.333333333333336,1.3,4.433333333333334,0
2025,2,seg,17,127.0,Frango empanado,Bife de grão de bico,Legumes,Bolinho,0.0,30.1,28.5,49.66666666666666,2.9,7.7,0
2025,2,ter,18,128.0,Lasanha bolonhesa,Lasanha de PVT,Chuchu,Surpresa de abacaxi,0.0,30.766666666666666,28.6,53.0,1.0666666666666669,4.9,0
2025,2,qua,19,118.0,frango assado,Omelete,Acelga,Mosaico,0.0,30.3,28.65,52.0,1.85,5.949999999999999,0
2025,2,qui,20,119.0,Carne em cubos,PVT,Ervilha parmentier,Chocolate,0.0,28.6,27.3,56.0,2.4,5.6,0
2025,2,sex,21,111.0,Pernil,Quibe de brócolis,Virado,Goiabada,0.0,30.53333333333333,29.03333333333333,52.333333333333336,1.8333333333333333,5.5,0
2025,2,seg,24,381.0,Frango empanado,Almôndega de ricota,Creme de milho,Pé de moça,0.0,29.6,27.7,46.0,2.3,5.3,1
2025,2,qua,26,279.0,Carne louca,Lasanha de abobrinha,Polenta,Manjar,0.0,30.0,28.25,46.5,2.05,6.6,1
2025,2,qui,27,302.0,Lombo,Ovo frito,Virado,Barra de cereais,0.0,29.8,28.266666666666666,43.66666666666666,2.1666666666666665,6.0,1
2025,2,sex,28,182.0,Estrogonofe de carne,Suflê de legumes,Batata palha,Bombom,0.0,29.950000000000003,28.2,49.0,1.3,7.550000000000001,1
2025,3,seg,10,744.0,Bife,Quibe de brócolis,Legumes,Goiabada,0.0,32.1,30.0,37.0,1.2,4.9,1
2025,3,qua,12,736.0,Lagarto,Omelete,Batata,Bolinho,0.0,31.2,29.5,42.5,1.4500000000000002,4.95,1
2025,3,qui,13,761.0,Lasanha bolonhesa,Lasanha de PVT,Repolho,Pudim de pão,0.0,32.1,29.2,46.0,2.3,6.3,1
2025,3,sex,14,275.0,Filé de peixe,Batatalhoada,Brócolis,Pudim de maria mole,0.0,28.8,26.4,54.0,1.4,4.2,1
2025,3,qua,26,768.0,Cubos de pernil,Quibe de abóbora,Cuscuz,Bolinho,1.6,21.7,19.9,87.0,0.8,3.0,1
2025,3,seg,31,743.0,Frango empanado,Ovo frito,Legumes,Doce de leite,0.2,23.2,22.5,88.0,1.7,5.3,1
2025,4,ter,1,729.0,Estrogonofe de carne,Almôndega de aveia,Vagem,Manjar,0.0,28.65,26.5,54.5,1.0,3.8,1
2025,4,qua,2,727.0,Pernil,Curry de legumes,Farofa,Pudim de maria mole,0.0,29.65,27.75,55.0,2.4000000000000004,6.199999999999999,1
2025,4,qui,3,644.0,Filé de frango,Quibe de brócolis,Chuchu,Torrone,0.0,29.3,27.3,61.0,1.7,3.7,1
2025,4,sex,4,380.0,Lasanha bolonhesa,Lasanha de PVT,Couve-flor,Brigadeirão,0.0,28.3,26.8,51.0,1.9,4.9,1
2025,4,ter,8,673.0,Pernil,Baião de dois,Couve,Picolé,0.0,26.7,24.6,48.0,2.1,5.5,1
2025,4,qua,9,716.0,Carne louca,Quibe de abóbora,Macarrão,Goiabada,0.0,28.4,26.33333333333333,53.0,2.766666666666667,6.866666666666667,1
2025,4,qui,10,620.0,frango assado,Lasanha de abobrinha,Polenta,Gelatina,0.0,26.3,23.366666666666664,68.0,1.3666666666666665,4.6000000000000005,1
2025,4,sex,11,367.0,Lombo,Omelete,Virado,Bolinho,0.0,27.1,25.2,53.0,0.7666666666666667,3.233333333333333,1
2025,4,seg,14,104.0,Bife,Batatalhoada,Brócolis,Chocolate,0.0,25.266666666666666,22.8,69.33333333333333,1.4666666666666668,3.8333333333333335,0
2025,4,ter,15,122.0,Filé de frango,Lasanha de queijo,Cenoura,Marigel,0.0,26.53333333333333,25.1,59.0,2.0,5.066666666666666,0
2025,4,qua,16,116.0,Quibe,Quibe de PVT,Legumes,Doce de abóbora,0.0,22.433333333333334,20.83333333333333,77.0,2.2666666666666666,5.966666666666666,0
2025,4,qui,17,88.0,Isca de carne,Ovo frito,Batata,Ovo de páscoa,0.0,26.8,24.9,54.0,1.8666666666666665,5.533333333333334,0
2025,4,ter,22,601.0,Linguiça,Bife de lentilha,Erro de leitura,Doce de banana,0.0,25.566666666666663,23.4,51.0,1.6666666666666667,4.733333333333333,1
2025,4,qui,24,559.0,Filé de peixe,Xadrez de grão de bico,Purês,Mousse de limão,0.0,24.866666666666664,23.33333333333333,72.0,2.766666666666667,7.0,1
2025,4,sex,25,579.0,frango assado,Omelete,Polenta,Mosaico,0.0,22.23333333333333,20.466666666666665,82.0,0.8333333333333334,3.733333333333333,1
2025,4,seg,28,719.0,Frango empanado,Ovo frito,Creme de milho,Barra de cereais,0.0666666666666666,22.96666666666667,21.2,84.66666666666667,1.5666666666666669,4.533333333333334,1
2025,4,ter,29,637.0,Lombo,Bife de feijão,Acelga,Picolé,0.0,23.866666666666664,22.166666666666668,70.33333333333333,1.3,4.166666666666667,1
2025,4,qua,30,679.0,Carne moída,PVT,Nhoque,Mousse de maracujá,0.0,24.166666666666668,22.46666666666667,44.66666666666666,1.6000000000000003,5.266666666666667,1
2025,5,seg,5,699.0,Carne em cubos,Ovo frito,Chuchu,Cocada,0.0,23.566666666666663,22.0,52.333333333333336,2.966666666666667,6.666666666666667,1
2025,5,ter,6,672.0,Bife,Tomate recheado,Macarrão,Mousse de morango,0.0,24.33333333333333,22.33333333333333,50.66666666666666,2.066666666666667,5.833333333333333,1
2025,5,qua,7,707.0,frango assado,Almôndega de aveia,Vagem,Manjar,0.0,25.666666666666668,23.6,55.0,2.066666666666667,5.766666666666667,1
2025,5,qui,8,695.0,Lagarto,PVT,Repolho,Iogurte,0.0,26.83333333333333,25.1,50.66666666666666,2.1333333333333333,5.866666666666667,1
2025,5,sex,9,449.0,Pernil,Suflê de legumes,Mandioca,Brigadeirão,0.0,27.266666666666666,25.666666666666668,52.0,2.333333333333333,6.2,1
2025,5,seg,12,669.0,Bife,Quibe de brócolis,Cenoura,Barra de cereais,0.0,23.266666666666666,20.96666666666667,62.333333333333336,2.6333333333333333,6.533333333333334,1
2025,5,ter,13,650.0,Fricassê de frango,Bife de feijão,Batata palha,Mosaico,0.0,23.266666666666666,21.366666666666664,62.0,3.0,6.6000000000000005,1
2025,5,qua,14,527.0,Filé de peixe,Estrogonofe de grão de bico,Legumes,Chocolate,0.0,23.3,21.266666666666666,58.66666666666666,1.0333333333333334,4.8,1
2025,5,qui,15,632.0,Carne moída,Lasanha de abobrinha,Polenta,Picolé,0.0,22.53333333333333,20.7,56.333333333333336,2.9333333333333336,6.866666666666667,1
2025,5,sex,16,363.0,Lombo,Omelete,Farofa,Pé de moça,0.0,23.066666666666663,21.33333333333333,55.0,2.1,6.533333333333334,1
2025,5,qua,21,634.0,Lombo,Ovo frito,Couve,Bolinho,0.0,25.96666666666667,24.4,47.0,1.6666666666666667,5.233333333333333,1
2025,5,sex,23,444.0,Estrogonofe de carne,Xadrez de grão de bico,Batata palha,Flan de baunilha,0.0,24.73333333333333,22.5,53.333333333333336,1.3666666666666665,5.133333333333334,1
2025,5,seg,26,679.0,Frango empanado,Omelete,Creme de milho,Goiabada,0.0,24.83333333333333,23.0,49.66666666666666,2.7,7.766666666666667,1
2025,5,ter,27,697.0,Hamburguer,Hamburguer de lentilha,Purês,Gelatina,0.0,24.3,22.23333333333333,52.66666666666666,3.5,8.4,1
2025,5,qua,28,629.0,Carne moída,PVT,Macarrão,Pudim de maria mole,0.0,22.066666666666663,19.8,69.0,2.1666666666666665,7.666666666666667,1
2025,5,qui,29,601.0,Pernil,Moussaka,Farofa,Bombom,0.0,14.8,12.766666666666666,60.333333333333336,1.3,4.233333333333333,1
2025,5,sex,30,332.0,frango assado,Bife de grão de bico,Polenta,Picolé,0.0,18.766666666666666,16.533333333333335,51.0,1.3,4.5,1
2025,6,seg,2,676.0,Fricassê de frango,Omelete,Batata palha,Doce de batata,0.0,24.066666666666663,22.6,60.0,2.7,6.733333333333334,1
2025,6,ter,3,613.0,Lasanha bolonhesa,Lasanha de queijo,Vagem,Chocolate,0.0,19.766666666666666,17.733333333333334,77.66666666666667,3.033333333333333,6.933333333333334,1
2025,6,qua,4,670.0,Estrogonofe de carne,Quibe de abóbora,Legumes,Pudim de pão,0.0,24.266666666666666,22.6,61.333333333333336,2.466666666666667,7.133333333333333,1
2025,6,qui,5,622.0,Lombo,Estrogonofe de grão de bico,Couve,Mosaico,0.0,25.166666666666668,23.5,60.66666666666666,2.6666666666666665,8.166666666666666,1
2025,6,sex,6,361.0,frango assado,Almôndega de ricota,Abobrinha,Picolé,0.0,24.066666666666663,21.9,61.66666666666666,1.0,3.966666666666667,1
2025,6,seg,9,670.0,Frango empanado,Tomate recheado,Acelga,Bananada,0.0,20.46666666666667,18.633333333333336,75.0,0.5666666666666667,2.466666666666667,1
2025,6,ter,10,381.0,Filé de peixe,Batatalhoada,Brócolis,Arroz doce,0.0,19.73333333333333,18.066666666666663,71.66666666666667,1.4,4.2,1
2025,6,qua,11,635.0,Carne em cubos,PVT,Macarrão,Barra de cereais,0.0,18.2,16.666666666666668,56.0,2.833333333333333,6.533333333333334,1
2025,6,qui,12,603.0,Pernil,Suflê de legumes,Mandioca,Surpresa de abacaxi,0.0,17.066666666666666,15.366666666666667,53.0,3.1666666666666665,7.5,1
2025,6,sex,13,391.0,Estrogonofe de frango,Bife de grão de bico,Batata palha,Pé de moça,0.0,19.03333333333333,17.066666666666666,51.333333333333336,3.5666666666666664,8.166666666666666,1
2025,6,seg,16,671.0,Linguiça,Moussaka,Chuchu,Doce de leite,0.0,23.766666666666666,22.2,51.0,1.6333333333333335,4.8,1
2025,6,ter,17,522.0,Carne moída,PVT,Polenta,Pudim de maria mole,0.0,22.766666666666666,21.0,43.333333333333336,3.6666666666666665,8.866666666666665,1
2025,6,ter,17,522.0,Linguiça,Moussaka,Chuchu,Doce de leite,0.0,22.766666666666666,21.0,43.333333333333336,3.6666666666666665,8.866666666666665,1
2025,6,qua,18,580.0,Frango empanado,Omelete,Purês,Iogurte,0.0,23.53333333333333,21.33333333333333,44.333333333333336,3.0,8.1,1
2025,6,seg,23,402.0,Linguiça,Moussaka,Chuchu,Doce de leite,0.0666666666666666,20.9,18.9,71.66666666666667,1.6333333333333335,8.966666666666667,1
2025,6,seg,23,402.0,Carne em cubos,Quibe de brócolis,Legumes,Torrone,0.0666666666666666,20.9,18.9,71.66666666666667,1.6333333333333335,8.966666666666667,1
2025,6,ter,24,587.0,Carne moída,Hamburguer de PVT,Ervilha parmentier,Bombom,0.0,14.7,13.0,51.66666666666666,1.3,5.3,1
2025,6,qua,25,387.0,frango assado,Ovo frito,Cenoura,Bolinho,0.0,19.066666666666663,16.966666666666665,30.0,3.1666666666666665,8.433333333333332,1
2025,6,qui,26,464.0,Carne louca,Xadrez de grão de bico,Polenta,Kit junino,0.0,25.0,22.633333333333336,51.333333333333336,2.9,7.5,1
2025,6,sex,27,293.0,Hamburguer,Bife de lentilha,Macarrão,Curau,0.0,24.666666666666668,22.23333333333333,61.0,1.5,3.8666666666666663,1
2025,6,seg,30,351.0,Bife,Batata especial,Repolho,Goiabada,0.0,26.566666666666663,25.1,37.333333333333336,2.033333333333333,6.633333333333333,1
2025,7,ter,1,339.0,Pernil,Hamburguer de lentilha,Virado,Manjar,0.0,22.166666666666668,20.2,65.0,0.7333333333333334,3.733333333333333,1
2025,7,qua,2,315.0,Frango empanado,Omelete,Creme de milho,Gelatina,0.0,20.866666666666667,19.03333333333333,59.0,2.2333333333333334,5.566666666666666,1
2025,7,qui,3,357.0,Carne moída,PVT,Macarrão,Pé de moça,0.0,18.766666666666666,16.333333333333332,65.0,1.5666666666666669,5.2,1
2025,7,sex,4,185.0,Isca de carne,Suflê de legumes,Batata,Barra de cereais,0.0,20.2,18.0,62.0,1.8333333333333333,5.2,1
2025,7,seg,7,177.0,Bife,Tomate recheado,Legumes,Bolinho,0.0,21.6,19.73333333333333,46.333333333333336,1.2333333333333334,4.7,1
2025,7,ter,8,159.0,Lasanha bolonhesa,Lasanha de PVT,Repolho com cenoura,Bombom,0.0,23.03333333333333,20.96666666666667,45.66666666666666,1.5,5.0,0
2025,7,qui,10,118.0,Linguiça,Almôndega de aveia,Abobrinha,Chocolate,0.0,21.633333333333336,19.766666666666666,44.333333333333336,3.2,8.066666666666666,0
2025,7,sex,11,97.0,Estrogonofe de frango,Ovo frito,Batata palha,Flan de baunilha,0.0,23.266666666666666,21.0,43.333333333333336,1.8,7.666666666666667,0
2025,7,seg,14,97.0,Carne em cubos,Lasanha de abobrinha,Vagem,Torrone,0.0,20.8,19.3,48.0,2.1333333333333333,5.633333333333333,0
2025,7,ter,15,91.0,Peixe frito,Xadrez de PVT,Purês,Mousse de morango,0.0,23.83333333333333,21.8,33.0,1.9333333333333331,5.066666666666666,0
2025,7,qua,16,104.0,Filé de coxa,Omelete,Creme de milho,Arroz doce,0.0,24.2,22.433333333333334,27.666666666666668,1.3666666666666665,5.1000000000000005,0
2025,7,qui,17,114.0,Feijoada,Feijoada vegetariana,Couve,Gelatina,0.0,24.2,22.566666666666663,31.666666666666668,0.7000000000000001,3.8333333333333335,0
2025,7,sex,18,90.0,Lagarto,Curry de legumes,Macarrão,Goiabada,0.0,24.433333333333334,22.53333333333333,42.0,1.8666666666666665,6.433333333333333,0
2025,7,seg,21,97.0,Frango empanado,Ovo frito,Creme de milho,Bananada,0.0,24.8,22.866666666666664,41.66666666666666,1.6666666666666667,5.733333333333333,0
2025,7,ter,22,103.0,Estrogonofe de carne,Quibe de brócolis,Batata palha,Canjica,0.0,25.866666666666664,24.0,34.0,0.0333333333333333,4.233333333333333,0
2025,7,qua,23,108.0,Bife,Almôndega de ricota,Mandioca,Curau,0.0,24.6,23.166666666666668,33.0,0.0,1.2,0
2025,7,qui,24,101.0,Lombo,Moussaka,Farofa,Cocada,0.0,23.3,20.933333333333334,38.0,0.8666666666666667,4.233333333333333,0
2025,7,sex,25,89.0,Hamburguer,Hamburguer de PVT,Legumes,Brigadeirão,0.0,24.633333333333336,21.33333333333333,52.66666666666666,1.1666666666666667,6.466666666666666,0
2025,7,seg,28,135.0,Bife,Quibe de abóbora,Batata doce,Bolinho,0.0,18.133333333333336,16.96666666666667,81.66666666666667,2.3666666666666667,7.066666666666666,0
2025,7,ter,29,129.0,Lombo,Bife de grão de bico,Polenta,Pudim de maria mole,0.0,18.166666666666668,15.866666666666667,50.66666666666666,1.4333333333333331,4.9,0
2025,7,qua,30,145.0,frango assado,Omelete,Nhoque,Goiabada,0.0,18.96666666666667,17.366666666666667,28.33333333333333,0.3666666666666667,4.433333333333334,0
2025,7,qui,31,147.0,Carne moída,PVT,Batata,Banana caramelada,0.0,21.7,20.166666666666668,27.33333333333333,3.433333333333333,8.966666666666667,0
2025,8,sex,1,129.0,Filé de frango,Batata especial,Abobrinha,Barra de cereais,0.0,24.366666666666664,22.23333333333333,37.66666666666666,3.033333333333333,6.6000000000000005,0
2025,8,seg,4,444.0,Frango empanado,Estrogonofe de grão de bico,Repolho com cenoura,Doce de leite,0.0,23.53333333333333,21.566666666666663,27.33333333333333,1.9333333333333331,5.466666666666666,1
2025,8,ter,5,572.0,Lasanha bolonhesa,Lasanha de PVT,Legumes,Torrone,0.0,18.5,18.066666666666663,60.333333333333336,1.1,3.6,1
2025,8,qua,6,565.0,Carne em cubos,Ovo frito,Batata doce,Mousse de maracujá,0.0,21.766666666666666,19.7,50.0,1.7666666666666666,6.066666666666666,1
2025,8,qui,7,483.0,Feijoada,Feijoada vegetariana,Couve,Gelatina,0.0,24.3,22.1,41.66666666666666,2.333333333333333,6.8,1
2025,8,sex,8,333.0,Filé de peixe,Batatalhoada,Couve-flor,Surpresa de abacaxi,0.0,26.266666666666666,24.666666666666668,32.0,3.033333333333333,8.233333333333334,1
2025,8,seg,11,563.0,Linguiça,PVT,Farofa,Barra de cereais,0.0,18.3,16.3,43.0,0.6666666666666666,4.6,1
2025,8,ter,12,657.0,Carne em cubos,Omelete,Legumes,Bombom,0.0,20.0,18.266666666666666,38.66666666666666,0.9333333333333332,6.766666666666667,1
2025,8,qua,13,641.0,frango assado,Almôndega de aveia,Brócolis,Pudim de maria mole,0.0,23.4,21.166666666666668,27.0,1.5,6.333333333333333,1
2025,8,qui,14,575.0,Hamburguer,Bife de grão de bico,Macarrão,Cocada,0.0,26.066666666666663,24.1,22.0,1.0666666666666669,3.4333333333333336,1
2025,8,seg,18,606.0,Frango empanado,Lasanha de queijo,Vagem,Doce de banana,0.0,27.73333333333333,25.73333333333333,19.666666666666668,1.3333333333333333,4.7,1
2025,8,ter,19,711.0,Estrogonofe de carne,Xadrez de grão de bico,Batata palha,Gelatina,0.0,26.46666666666667,23.433333333333334,38.333333333333336,3.8,9.233333333333333,1
2025,8,qua,20,610.0,Carne moída,PVT,Ervilha parmentier,Goiabada,0.0,28.433333333333334,25.766666666666666,30.33333333333333,3.7,8.933333333333334,1
2025,8,qui,21,574.0,Pernil,Ovo frito,Couve,Brigadeirão,0.0,28.433333333333334,26.5,31.666666666666668,2.8000000000000003,7.366666666666667,1
2025,8,sex,22,457.0,Carne louca,Moussaka,Polenta,Pudim de pão,0.0,29.96666666666667,27.96666666666667,28.0,3.4333333333333336,8.0,1
2025,8,seg,25,425.0,Fricassê de frango,Omelete,Batata palha,Barra de cereais,0.0,28.566666666666663,25.9,29.666666666666668,2.2333333333333334,6.966666666666666,1
2025,8,ter,26,550.0,Lombo,Curry de legumes,Farofa,Picolé,0.0,29.266666666666666,26.566666666666663,27.0,3.533333333333333,8.6,1
2025,8,qua,27,492.0,Carne moída,Suflê de legumes,Batata,Manjar,0.0,26.166666666666668,23.73333333333333,41.66666666666666,1.9666666666666668,6.8,1
2025,8,qui,28,472.0,Isca de carne,Quibe de brócolis,Chuchu,Chocolate,0.0,26.666666666666668,24.23333333333333,39.333333333333336,2.566666666666667,7.366666666666667,1
2025,9,seg,1,127.0,Bife,Tomate recheado,Mandioca,Goiabada,0.0,26.066666666666663,23.933333333333334,40.66666666666666,3.8333333333333335,9.6,0
2025,9,ter,2,146.0,Lasanha bolonhesa,Lasanha de PVT,Vagem,Marigel,0.0,25.23333333333333,23.46666666666667,45.0,4.066666666666666,8.733333333333333,0
2025,9,qua,3,147.0,Filé de frango,Almôndega de aveia,Polenta,Pudim de pão,0.0,26.166666666666668,23.8,40.0,3.633333333333333,8.733333333333334,0
2025,9,qui,4,134.0,Lagarto,Ovo frito,Cuscuz,Arroz doce,0.0,27.03333333333333,24.633333333333336,31.666666666666668,2.033333333333333,7.166666666666667,0
2025,9,sex,5,93.0,Peixe frito,Lasanha de abobrinha,Purês,Doce de abóbora,0.0,29.0,27.03333333333333,25.0,2.1666666666666665,7.133333333333333,0
2025,9,seg,8,551.0,Frango empanado,Quibe de brócolis,Creme de milho,Barra de cereais,0.0,29.133333333333336,26.566666666666663,36.0,3.9,8.700000000000001,1
2025,9,ter,9,673.0,Carne moída,Curry de legumes,Batata,Gelatina,0.0,27.0,25.399999999999995,35.333333333333336,3.6,11.6,1
2025,9,qua,10,650.0,Bife,Hamburguer de PVT,Macarrão,Chocolate,0.0,28.766666666666666,26.366666666666664,17.666666666666668,1.4,4.7,1
2025,9,qui,11,613.0,Pernil,Lasanha de abobrinha,Virado,Surpresa de abacaxi,0.0,30.766666666666666,28.566666666666663,12.333333333333334,2.3,6.4,1
2025,9,sex,12,376.0,Filé de frango,Moussaka,Brócolis,Picolé,0.0,26.8,24.566666666666663,25.666666666666668,2.5,6.5,1
2025,9,seg,15,549.0,Carne em cubos,Estrogonofe de grão de bico,Legumes,Bombom,0.0,28.633333333333336,25.83333333333333,37.333333333333336,1.7,6.8,1
2025,9,ter,16,748.0,Lombo,Ovo frito,Couve-flor,Pudim de maria mole,0.0,29.23333333333333,27.066666666666663,33.666666666666664,2.566666666666667,7.433333333333334,1
2025,9,qua,17,606.0,Carne moída,PVT,Polenta,Iogurte,0.0,26.73333333333333,24.766666666666666,34.0,2.9,7.366666666666667,1
2025,9,qui,18,527.0,Isca de carne,Almôndega de aveia,Cenoura,Gelatina,0.0,27.266666666666666,25.4,32.0,2.6,7.533333333333334,1
2025,9,sex,19,492.0,frango assado,Bife de feijão,Nhoque,Flan de baunilha,0.0,28.566666666666663,25.73333333333333,39.0,3.1,7.5,1
2025,9,seg,22,527.0,Frango empanado,Xadrez de grão de bico,Creme de milho,Barra de cereais,0.6,21.1,20.2,89.33333333333333,3.933333333333333,9.8,1
