Ano,Mês,Dia_semana,Dia_mês,total,prato_principal_1,prato_principal_2,guarnição,sobremesa_1,letivo,feriado,ferias,vespera_nao_letivo,pos_nao_letivo,vespera_feriado,pos_feriado,dias_desde_inicio_ferias,dias_desde_ultimas_ferias,dias_ate_ferias,dias_ate_feriado
2023,2,seg,27,78.0,Frango empanado,Ovo cozido,Creme de milho,Barra de cereais,0,0,1,1,1,0,0,57,0,0,35
2023,2,ter,28,105.0,Carne em cubos,PVT,Macarrão,Iogurte,0,0,1,1,1,0,0,58,0,0,34
2023,3,qua,1,110.0,Bife,Bife de lentilha,Legumes,Picolé,0,0,1,1,1,0,0,59,0,0,33
2023,3,qui,2,118.0,Lombo,Curry de legumes,Polenta,Brigadeirão,0,0,1,1,1,0,0,60,0,0,32
2023,3,sex,3,101.0,Frango assado,Cassoulet,Purês,Goiabada,0,0,1,1,1,0,0,61,0,0,31
2023,3,sáb,4,0.0,Isca de carne,PVT,Batata doce,Gelatina,0,0,1,1,1,0,0,62,0,0,30
2023,3,seg,6,114.0,Frango empanado,Fricassê de PVT,Legumes,Doce de leite,0,0,1,1,1,0,0,64,0,0,28
2023,3,ter,7,135.0,Lasanha bolonhesa,Lasanha de PVT,Acelga,Bananada,0,0,1,1,1,0,0,65,0,0,27
2023,3,qua,8,146.0,Estrogonofe de frango,Estrogonofe de PVT,Batata palha,Mousse de maracujá,0,0,1,1,1,0,0,66,0,0,26
2023,3,qui,9,159.0,Hamburguer,Hamburguer de grão de bico,Macarrão,Bombom,0,0,1,1,1,0,0,67,0,0,25
2023,3,sex,10,84.0,Lombo,Ovo frito,Couve,Sagu,0,0,1,1,1,0,0,68,0,0,24
2023,3,sáb,11,0.0,Lagarto,PVT,Virado,Pudim de coco,0,0,1,1,1,0,0,69,0,0,23
2023,3,seg,13,428.0,Bife,Quibe de brócolis,Repolho,Alfajor,1,0,0,0,1,0,0,0,0,124,21
2023,3,ter,14,714.0,Frango empanado,Bife de grão de bico,Creme de milho,Arroz doce,1,0,0,0,0,0,0,0,1,123,20
2023,3,qua,15,356.0,Carne em cubos,PVT,Batata,Barra de cereais,1,0,0,0,0,0,0,0,2,122,19
2023,3,qui,16,346.0,Pernil,Ovo frito,Virado,Manjar,1,0,0,0,0,0,0,0,3,121,18
2023,3,sex,17,309.0,Filé de peixe,Grãos com queijo,Brócolis,Sorvete,1,0,0,0,0,0,0,0,4,120,17
2023,3,sáb,18,0.0,Bisteca,Lasanha de berinjela,Farofa,Delicia de banana,1,0,0,1,0,0,0,0,5,119,16
2023,3,seg,20,804.0,Linguiça,PVT,Vagem,Iogurte,1,0,0,0,1,0,0,0,7,117,14
2023,3,ter,21,751.0,Carne de panela,Almôndega de feijão,Purês,Gelatina,1,0,0,0,0,0,0,0,8,116,13
2023,3,qua,22,790.0,Frango assado,Ovo frito,Polenta,Barra de cereais,1,0,0,0,0,0,0,0,9,115,12
2023,3,qui,23,734.0,Estrogonofe de carne,Estrogonofe de PVT,Batata palha,Brigadeirão,1,0,0,0,0,0,0,0,10,114,11
2023,3,sex,24,407.0,Filé de frango,Grão de bico,Macarrão,Pudim de maria mole,1,0,0,0,0,0,0,0,11,113,10
2023,3,sáb,25,0.0,Bife,Assado vienense,Ervilha parmentier,Flan de morango,1,0,0,1,0,0,0,0,12,112,9
2023,3,seg,27,756.0,Bife,Ovo cozido,Chuchu,Barra de cereais,1,0,0,0,1,0,0,0,14,110,7
2023,3,ter,28,843.0,Fricassê de frango,Grãos gratinados,Batata,Sorvete,1,0,0,0,0,0,0,0,15,109,6
2023,3,qua,29,734.0,Cubos de pernil,Curry de legumes,Mandioca,Pudim de coco,1,0,0,0,0,0,0,0,16,108,5
2023,3,qui,30,733.0,Carne moída,PVT,Nhoque,Chocolate,1,0,0,0,0,0,0,0,17,107,4
2023,3,sex,31,519.0,Bife,Lasanha de queijo,Couve-flor,Gelatina,1,0,0,0,0,0,0,0,18,106,3
2023,4,sáb,1,0.0,Frango assado,Omelete,Ervilha parmentier,Cocada,1,0,0,1,0,0,0,0,19,105,2
2023,4,seg,3,102.0,Linguiça,Ovo frito,Farofa,Torrone,0,1,0,1,1,1,0,0,21,103,0
2023,4,ter,4,145.0,Estrogonofe de frango,Estrogonofe de PVT,Batata palha,Sagu,0,1,0,1,1,1,1,0,22,102,0
2023,4,qua,5,132.0,Bife,Hamburguer de lentilha,Mandioca,Ovo de páscoa,0,1,0,1,1,1,1,0,23,101,0
2023,4,qui,6,131.0,Peixe frito,Grãos com queijo,Legumes,Chocolate,0,1,0,1,1,1,1,0,24,100,0
2023,4,seg,10,720.0,Fricassê de frango,Estrogonofe de legumes,Batata palha,Bolinho,1,0,0,0,1,0,0,0,28,96,11
2023,4,ter,11,751.0,Lombo,Ovo cozido,Couve,Pudim de pão,1,0,0,0,0,0,0,0,29,95,10
2023,4,qua,12,767.0,Bife,Moussaka,Macarrão,Goiabada,1,0,0,0,0,0,0,0,30,94,9
2023,4,qui,13,654.0,Lasanha bolonhesa,Lasanha de PVT,Acelga,Gelatina,1,0,0,0,0,0,0,0,31,93,8
2023,4,sex,14,471.0,Frango empanado,Curry de legumes,Cenoura,Bombom,1,0,0,0,0,0,0,0,32,92,7
2023,4,sáb,15,0.0,Carne louca,Quibe de PVT,Abobrinha,Flan de baunilha,1,0,0,1,0,0,0,0,33,91,6
2023,4,seg,17,716.0,Bife,PVT,Legumes,Chocolate,1,0,0,0,1,0,0,0,35,89,4
2023,4,ter,18,800.0,Hamburguer,Hamburguer de grão de bico,Macarrão,Sorvete,1,0,0,0,0,0,0,0,36,88,3
2023,4,qua,19,765.0,Bife,Quibe de brócolis,Acelga,Manjar,1,0,0,0,0,0,0,0,37,87,2
2023,4,qui,20,582.0,Pernil,Lasanha de berinjela,Farofa,Banana caramelada,1,0,0,1,0,1,0,0,38,86,1
2023,4,seg,24,707.0,Frango empanado,Rondele,Vagem,Iogurte,1,0,0,0,1,0,0,0,42,82,7
2023,4,ter,25,744.0,Bife,Tomate recheado,Quiabo,Canjica,1,0,0,0,0,0,0,0,43,81,6
2023,4,qua,26,813.0,Carne em cubos,Almôndega de PVT,Cenoura,Gelatina,1,0,0,0,0,0,0,0,44,80,5
2023,4,qui,27,666.0,Lombo,Omelete,Couve,Bananada,1,0,0,0,0,0,0,0,45,79,4
2023,4,sex,28,516.0,Frango assado,Cassoulet,Polenta,Rocambole de chocolate,1,0,0,0,0,0,0,0,46,78,3
2023,4,sáb,29,0.0,Estrogonofe de carne,Grão de bico,Batata palha,Canjica,1,0,0,1,0,0,0,0,47,77,2
2023,5,ter,2,692.0,Frango empanado,Ovo frito,Creme de milho,Torrone,1,0,0,0,1,0,1,0,50,74,37
2023,5,qua,3,670.0,Estrogonofe de carne,Estrogonofe de grão de bico,Batata palha,Sorvete,1,0,0,0,0,0,0,0,51,73,36
2023,5,qui,4,718.0,Lombo,Suflê de legumes,Couve,Brigadeirão,1,0,0,0,0,0,0,0,52,72,35
2023,5,sex,5,546.0,Frango assado,Cassoulet,Polenta,Goiabada,1,0,0,0,0,0,0,0,53,71,34
2023,5,sáb,6,0.0,Bisteca,PVT,Chuchu,Pudim de maria mole,1,0,0,1,0,0,0,0,54,70,33
2023,5,seg,8,722.0,Carne moída,PVT,Vagem,Cocada,1,0,0,0,1,0,0,0,56,68,31
2023,5,ter,9,612.0,Bife,Omelete,Cuscuz,Gelatina,1,0,0,0,0,0,0,0,57,67,30
2023,5,qua,10,717.0,Frango assado,Grãos com queijo,Legumes,Manjar,1,0,0,0,0,0,0,0,58,66,29
2023,5,qui,11,529.0,Lagarto,Bife de lentilha,Nhoque,Iogurte,1,0,0,0,0,0,0,0,59,65,28
2023,5,sex,12,383.0,Pernil,Grão de bico,Virado,Bombom,1,0,0,0,0,0,0,0,60,64,27
2023,5,sáb,13,0.0,Bife,Bife de PVT,Ervilha parmentier,Mosaico,1,0,0,1,0,0,0,0,61,63,26
2023,5,seg,15,702.0,Bife,Tomate recheado,Mandioca,Sorvete,1,0,0,0,1,0,0,0,63,61,24
2023,5,ter,16,636.0,Peixe frito,Quibe de brócolis,Batata doce,Gelatina,1,0,0,0,0,0,0,0,64,60,23
2023,5,qua,17,663.0,Lombo,Cassoulet,Farofa,Chocolate,1,0,0,0,0,0,0,0,65,59,22
2023,5,qui,18,625.0,Carne em cubos,PVT,Ervilha parmentier,Pudim de morango,1,0,0,0,0,0,0,0,66,58,21
2023,5,sex,19,421.0,Bife,Omelete,Legumes,Barra de cereais,1,0,0,0,0,0,0,0,67,57,20
2023,5,sáb,20,0.0,Estrogonofe de frango,Estrogonofe de PVT,Batata palha,Bananada,1,0,0,1,0,0,0,0,68,56,19
2023,5,seg,22,704.0,Linguiça,Grão de bico,Virado,Bolinho,1,0,0,0,1,0,0,0,70,54,17
2023,5,ter,23,748.0,Carne moída,Ovo cozido,Batata,Mousse de morango,1,0,0,0,0,0,0,0,71,53,16
2023,5,qua,24,749.0,Pernil,PVT,Couve,Barra de cereais,1,0,0,0,0,0,0,0,72,52,15
2023,5,qui,25,648.0,Bife,Estrogonofe de grão de bico,Repolho,Iogurte,1,0,0,0,0,0,0,0,73,51,14
2023,5,sex,26,467.0,Frango xadrez,Curry de legumes,Cenoura,Gelatina,1,0,0,0,0,0,0,0,74,50,13
2023,5,sáb,27,0.0,Lasanha bolonhesa,Lasanha de PVT,Acelga,Goiabada,1,0,0,1,0,0,0,0,75,49,12
2023,5,seg,29,621.0,Frango empanado,Ovo cozido,Creme de milho,Picolé,1,0,0,0,1,0,0,0,77,47,10
2023,5,ter,30,649.0,Hamburguer,Hamburguer de feijão branco,Purês,Flan de baunilha,1,0,0,0,0,0,0,0,78,46,9
2023,5,qua,31,616.0,Carne em cubos,Almôndega de PVT,Polenta,Bolinho,1,0,0,0,0,0,0,0,79,45,8
2023,6,qui,1,672.0,Bisteca,PVT,Farofa,Brigadeirão,1,0,0,0,0,0,0,0,80,44,7
2023,6,sex,2,400.0,Frango assado,Almôndega de ricota,Macarrão,Pé de moça,1,0,0,0,0,0,0,0,81,43,6
2023,6,sáb,3,0.0,Isca de carne,PVT,Batata doce,Mosaico,1,0,0,1,0,0,0,0,82,42,5
2023,6,qua,7,471.0,Frango empanado,Estrogonofe de grão de bico,Legumes,Pudim de pão,1,0,0,1,0,1,0,0,86,38,1
2023,6,seg,12,560.0,Frango empanado,Bife de grão de bico,Creme de milho,Bananada,1,0,0,0,1,0,0,0,91,33,63
2023,6,ter,13,640.0,Carne louca,Curry de legumes,Batata,Arroz doce,1,0,0,0,0,0,0,0,92,32,62
2023,6,qua,14,633.0,Isca de carne,PVT,Macarrão,Barra de cereais,1,0,0,0,0,0,0,0,93,31,61
2023,6,qui,15,557.0,Pernil,Ovo frito,Couve,Manjar,1,0,0,0,0,0,0,0,94,30,60
2023,6,sex,16,372.0,Filé de peixe,Grãos com queijo,Brócolis,Sorvete,1,0,0,0,0,0,0,0,95,29,59
2023,6,sáb,17,0.0,Lombo,Lasanha de berinjela,Farofa,Espumone,1,0,0,1,0,0,0,0,96,28,58
2023,6,seg,19,643.0,Linguiça,PVT,Purês,Iogurte,1,0,0,0,1,0,0,0,98,26,56
2023,6,ter,20,645.0,Carne de panela,Almôndega de feijão,Macarrão,Gelatina,1,0,0,0,0,0,0,0,99,25,55
2023,6,qua,21,692.0,Frango assado,Ovo frito,Polenta,Torrone,1,0,0,0,0,0,0,0,100,24,54
2023,6,qui,22,508.0,Quibe,Quibe de PVT,Vagem,Curau,1,0,0,0,0,0,0,0,101,23,53
2023,6,sex,23,442.0,Filé de frango,Grão de bico,Legumes,Brigadeirão,1,0,0,0,0,0,0,0,102,22,52
2023,6,sáb,24,0.0,Bife,Almôndega de aveia,Cuscuz,Bombom,1,0,0,1,0,0,0,0,103,21,51
2023,6,seg,26,472.0,Hamburguer,Grãos gratinados,Legumes,Chocolate,1,0,0,0,1,0,0,0,105,19,49
2023,6,ter,27,563.0,Hamburguer,Grãos gratinados,Legumes,Chocolate,1,0,0,0,0,0,0,0,106,18,48
2023,6,qua,28,569.0,Filé de frango,Lasanha de queijo,Cenoura,Gelatina,1,0,0,0,0,0,0,0,107,17,47
2023,6,qui,29,459.0,Bife,Ovo cozido,Nhoque,Kit junino,1,0,0,0,0,0,0,0,108,16,46
2023,6,sex,30,372.0,Pernil,Bife de PVT,Farofa,Mousse de limão,1,0,0,0,0,0,0,0,109,15,45
2023,7,sáb,1,0.0,Lagarto,Bife de lentilha,Chuchu,Barra de cereais,1,0,0,1,0,0,0,0,110,14,44
2023,7,seg,3,461.0,Bife,Suflê de legumes,Batata doce,Goiabada,1,0,0,0,1,0,0,0,112,12,42
2023,7,ter,4,369.0,Isca de frango,Grão de bico,Batata palha,Canjica,1,0,0,0,0,0,0,0,113,11,41
2023,7,qua,5,453.0,Feijoada,Feijoada vegetariana,Couve,Gelatina,1,0,0,0,0,0,0,0,114,10,40
2023,7,qui,6,427.0,Carne moída,Ovo frito,Macarrão,Chocolate,1,0,0,0,0,0,0,0,115,9,39
2023,7,sex,7,268.0,Isca de carne,Quibe de brócolis,Legumes,Barra de cereais,1,0,0,0,0,0,0,0,116,8,38
2023,7,sáb,8,0.0,Frango assado,PVT,Repolho,Brigadeirão,1,0,0,1,0,0,0,0,117,7,37
2023,7,seg,10,283.0,Fricassê de frango,Bife de lentilha,Batata palha,Goiabada,1,0,0,0,1,0,0,0,119,5,35
2023,7,ter,11,296.0,Lombo,Ovo cozido,Farofa,Pudim de maria mole,1,0,0,0,0,0,0,0,120,4,34
2023,7,qua,12,372.0,Estrogonofe de carne,Estrogonofe de grão de bico,Batata,Bolinho,1,0,0,0,0,0,0,0,121,3,33
2023,7,qui,13,261.0,Lasanha bolonhesa,Lasanha de PVT,Cenoura,Gelatina,1,0,0,0,0,0,0,0,122,2,32
2023,7,sex,14,176.0,Frango empanado,Curry de legumes,Acelga,Bombom,1,0,0,1,0,0,0,0,123,1,31
2023,7,sáb,15,0.0,Bife,Moussaka,Legumes,Flan de baunilha,0,0,1,1,0,0,0,0,0,0,30
2023,7,seg,17,102.0,Bife,Almôndega de aveia,Mandioca,Torrone,0,0,1,1,1,0,0,2,0,0,28
2023,7,ter,18,93.0,Linguiça,PVT,Ervilha parmentier,Beijinho,0,0,1,1,1,0,0,3,0,0,27
2023,7,qua,19,0.0,Hamburguer,Hamburguer de grão de bico,Purês,Sagu,0,0,1,1,1,0,0,4,0,0,26
2023,7,qui,20,0.0,Frango assado,Cassoulet,Polenta,Banana caramelada,0,0,1,1,1,0,0,5,0,0,25
2023,7,sex,21,0.0,Carne moída,PVT,Macarrão,Goiabada,0,0,1,1,1,0,0,6,0,0,24
2023,7,sáb,22,0.0,Lombo,Omelete,Virado,Iogurte,0,0,1,1,1,0,0,7,0,0,23
2023,7,seg,24,0.0,Frango empanado,Lasanha de berinjela,Cenoura,Bananada,0,0,1,1,1,0,0,9,0,0,21
2023,7,ter,25,0.0,Carne em cubos,Tomate recheado,Batata,Arroz doce,0,0,1,1,1,0,0,10,0,0,20
2023,7,qua,26,0.0,Bife,Bife de feijão,Legumes,Marigel,0,0,1,1,1,0,0,11,0,0,19
2023,7,qui,27,0.0,Bisteca,Almôndega de PVT,Farofa,Cocada,0,0,1,1,1,0,0,12,0,0,18
2023,7,sex,28,0.0,Peixe frito,Omelete,Vagem,Banoffe,0,0,1,1,1,0,0,13,0,0,17
2023,7,sáb,29,0.0,Pernil,Cassoulet,Couve-flor,Barra de cereais,0,0,1,1,1,0,0,14,0,0,16
2023,7,seg,31,0.0,Carne em cubos,Grãos com queijo,Legumes,Pão de mel,0,0,1,1,1,0,0,16,0,0,14
2023,8,ter,1,0.0,Bife,Quibe de brócolis,Macarrão,Cocada,0,0,1,1,1,0,0,17,0,0,13
2023,8,qua,2,0.0,Frango assado,PVT,Polenta,Iogurte,0,0,1,1,1,0,0,18,0,0,12
2023,8,qui,3,0.0,Lombo,Cassoulet,Batata,Picolé,0,0,1,1,1,0,0,19,0,0,11
2023,8,sex,4,0.0,Lagarto,Ovo frito,Farofa,Brigadeirão,0,0,1,1,1,0,0,20,0,0,10
2023,8,sáb,5,0.0,Bife,PVT,Batata doce,Mousse de morango,0,0,1,1,1,0,0,21,0,0,9
2023,8,seg,7,533.0,Fricassê de frango,Curry de legumes,Batata palha,Doce de leite,1,0,0,0,1,0,0,0,0,136,7
2023,8,ter,8,632.0,Lasanha bolonhesa,Lasanha de PVT,Chuchu,Rocambole de chocolate,1,0,0,0,0,0,0,0,1,135,6
2023,8,qua,9,631.0,Bife,Omelete,Abobrinha,Mousse de limão,1,0,0,0,0,0,0,0,2,134,5
2023,8,qui,10,559.0,Feijoada,Feijoada vegetariana,Couve,Gelatina,1,0,0,0,0,0,0,0,3,133,4
2023,8,sex,11,227.0,Filé de peixe,Suflê de legumes,Batata,Surpresa de abacaxi,1,0,0,0,0,0,0,0,4,132,3
2023,8,sáb,12,0.0,Filé de frango,Bife de PVT,Vagem,Pudim de coco,1,0,0,1,0,0,0,0,5,131,2
2023,8,qua,16,718.0,Frango empanado,PVT,Creme de milho,Goiabada,1,0,0,0,1,0,1,0,9,127,19
2023,8,qui,17,660.0,Carne moída,Bife de grão de bico,Ervilha parmentier,Bombom,1,0,0,0,0,0,0,0,10,126,18
2023,8,sex,18,428.0,Carne de panela,Moussaka,Nhoque,Sorvete,1,0,0,0,0,0,0,0,11,125,17
2023,8,sáb,19,0.0,Pernil,Curry de legumes,Farofa,Surpresa de banana,1,0,0,1,0,0,0,0,12,124,16
2023,8,seg,21,558.0,Frango empanado,Quibe de PVT,Acelga,Bananada,1,0,0,0,1,0,0,0,14,122,14
2023,8,ter,22,745.0,Bife,Tomate recheado,Legumes,Gelatina,1,0,0,0,0,0,0,0,15,121,13
2023,8,qua,23,714.0,Estrogonofe de carne,Suflê de legumes,Batata palha,Barra de cereais,1,0,0,0,0,0,0,0,16,120,12
2023,8,qui,24,631.0,Lombo,Omelete,Virado,Brigadeirão,1,0,0,0,0,0,0,0,17,119,11
2023,8,sex,25,356.0,Hamburguer,Hamburguer de grão de bico,Macarrão,Pudim de maria mole,1,0,0,0,0,0,0,0,18,118,10
2023,8,sáb,26,0.0,Carne em cubos,Bife de PVT,Purês,Torrone,1,0,0,1,0,0,0,0,19,117,9
2023,8,seg,28,551.0,Linguiça,Curry de legumes,Farofa,Barra de cereais,1,0,0,0,1,0,0,0,21,115,7
2023,8,ter,29,752.0,Frango assado,Grão de bico,Polenta,Sorvete,1,0,0,0,0,0,0,0,22,114,6
2023,8,qua,30,537.0,Carne moída,Cassoulet,Batata,Pudim de pão,1,0,0,0,0,0,0,0,23,113,5
2023,8,qui,31,541.0,Bife,Lasanha de queijo,Couve-flor,Chocolate,1,0,0,0,0,0,0,0,24,112,4
2023,9,sex,1,307.0,Pernil,Almôndega de feijão,Cenoura,Bolinho,1,0,0,0,0,0,0,0,25,111,3
2023,9,sáb,2,0.0,Isca de carne,Ovo frito,Batata doce,Mosaico,1,0,0,1,0,0,0,0,26,110,2
2023,9,seg,4,118.0,Bife,Tomate recheado,Mandioca,Goiabada,0,1,0,1,1,1,0,0,28,108,0
2023,9,ter,5,122.0,Lasanha bolonhesa,Lasanha de PVT,Vagem,Barra de cereais,0,1,0,1,1,1,1,0,29,107,0
2023,9,qua,6,96.0,Frango empanado,Estrogonofe de grão de bico,Legumes,Pudim de pão,0,1,0,1,1,1,1,0,30,106,0
2023,9,seg,11,545.0,Frango empanado,Bife de grão de bico,Creme de milho,Doce de banana,1,0,0,0,1,0,0,0,35,101,31
2023,9,ter,12,659.0,Carne louca,Suflê de legumes,Batata,Arroz doce,1,0,0,0,0,0,0,0,36,100,30
2023,9,qua,13,639.0,Isca de carne,PVT,Macarrão,Barra de cereais,1,0,0,0,0,0,0,0,37,99,29
2023,9,qui,14,624.0,Pernil,Ovo frito,Couve,Manjar,1,0,0,0,0,0,0,0,38,98,28
2023,9,sex,15,254.0,Filé de peixe,Grãos com queijo,Brócolis,Sorvete,1,0,0,0,0,0,0,0,39,97,27
2023,9,sáb,16,0.0,Lombo,Moussaka,Farofa,Espumone,1,0,0,1,0,0,0,0,40,96,26
2023,9,seg,18,520.0,Linguiça,PVT,Purês,Iogurte,1,0,0,0,1,0,0,0,42,94,24
2023,9,ter,19,776.0,Carne de panela,Almôndega de feijão,Macarrão,Gelatina,1,0,0,0,0,0,0,0,43,93,23
2023,9,qua,20,648.0,Frango assado,Ovo frito,Polenta,Torrone,1,0,0,0,0,0,0,0,44,92,22
2023,9,qui,21,618.0,Estrogonofe de carne,Quibe de brócolis,Batata palha,Curau,1,0,0,0,0,0,0,0,45,91,21
2023,9,sex,22,261.0,Filé de frango,Grão de bico,Legumes,Flan de baunilha,1,0,0,0,0,0,0,0,46,90,20
2023,9,sáb,23,0.0,Bife,Almôndega de aveia,Cuscuz,Bombom,1,0,0,1,0,0,0,0,47,89,19
2023,9,seg,25,430.0,Carne moída,PVT,Ervilha parmentier,Goiabada,1,0,0,0,1,0,0,0,49,87,17
2023,9,ter,26,621.0,Bife,Moussaka,Cenoura,Torrone,1,0,0,0,0,0,0,0,50,86,16
2023,9,qua,27,601.0,Frango assado,Cassoulet,Chuchu,Gelatina,1,0,0,0,0,0,0,0,51,85,15
2023,9,qui,28,532.0,Hamburguer,Hamburguer de grão de bico,Macarrão,Bolinho,1,0,0,0,0,0,0,0,52,84,14
2023,9,sex,29,294.0,Lombo,Ovo cozido,Farofa,Mousse de limão,1,0,0,0,0,0,0,0,53,83,13
2023,9,sáb,30,0.0,Estrogonofe de frango,Curry de legumes,Batata palha,Pudim de maria mole,1,0,0,1,0,0,0,0,54,82,12
2023,10,seg,2,479.0,Bife,Lasanha de queijo,Cenoura,Torrone,1,0,0,0,1,0,0,0,56,80,10
2023,10,ter,3,602.0,Carne moída,PVT,Nhoque,Arroz doce,1,0,0,0,0,0,0,0,57,79,9
2023,10,qua,4,642.0,Frango empanado,Ovo cozido,Creme de milho,Bombom,1,0,0,0,0,0,0,0,58,78,8
2023,10,qui,5,496.0,Filé de peixe,Grãos com queijo,Brócolis,Barra de cereais,1,0,0,0,0,0,0,0,59,77,7
2023,10,sex,6,218.0,Linguiça,PVT,Virado,Picolé,1,0,0,0,0,0,0,0,60,76,6
2023,10,sáb,7,0.0,Estrogonofe de carne,Estrogonofe de legumes,Batata palha,Mousse de morango,1,0,0,1,0,0,0,0,61,75,5
2023,10,seg,9,416.0,Carne em cubos,Quibe de brócolis,Vagem,Barra de cereais,1,0,0,0,1,0,0,0,63,73,3
2023,10,ter,10,581.0,Lombo,Ovo cozido,Farofa,Gelatina,1,0,0,0,0,0,0,0,64,72,2
2023,10,seg,16,439.0,Frango empanado,Moussaka,Legumes,Bolinho,1,0,0,0,1,0,0,0,70,66,12
2023,10,ter,17,665.0,Lasanha bolonhesa,Lasanha de PVT,Acelga,Mousse de limão,1,0,0,0,0,0,0,0,71,65,11
2023,10,qua,18,552.0,Frango assado,Cassoulet,Polenta,Flan de baunilha,1,0,0,0,0,0,0,0,72,64,10
2023,10,qui,19,576.0,Lagarto,Ovo frito,Farofa,Sorvete,1,0,0,0,0,0,0,0,73,63,9
2023,10,sex,20,257.0,Bisteca,Grão de bico,Couve,Barra de cereais,1,0,0,0,0,0,0,0,74,62,8
2023,10,sáb,21,0.0,Bife,Quibe de PVT,Batata,Pudim de maria mole,1,0,0,1,0,0,0,0,75,61,7
2023,10,seg,23,483.0,Bife,Tomate recheado,Abobrinha,Chocolate,1,0,0,0,1,0,0,0,77,59,5
2023,10,ter,24,662.0,Hamburguer,Hamburguer de lentilha,Macarrão,Bolinho,1,0,0,0,0,0,0,0,78,58,4
2023,10,qua,25,512.0,Lombo,Grão de bico,Farofa,Goiabada,1,0,0,0,0,0,0,0,79,57,3
2023,10,qui,26,610.0,Carne moída,PVT,Ervilha parmentier,Manjar,1,0,0,0,0,0,0,0,80,56,2
2023,10,sex,27,368.0,Filé de frango,Omelete,Legumes,Brigadeirão,1,0,0,1,0,1,0,0,81,55,1
2023,10,seg,30,416.0,Bife,Bobó de abóbora,Legumes,Iogurte,1,0,0,0,1,0,0,0,84,52,3
2023,10,ter,31,484.0,Pernil,Curry de legumes,Cenoura,Gelatina,1,0,0,0,0,0,0,0,85,51,2
2023,11,qua,1,434.0,Filé de frango,Grão de bico,Purês,Sorvete,1,0,0,1,0,1,0,0,86,50,1
2023,11,seg,6,299.0,Frango empanado,Omelete,Repolho com cenoura,Bolinho,1,0,0,0,1,0,0,0,91,45,9
2023,11,ter,7,533.0,Bife,Tomate recheado,Chuchu,Arroz doce,1,0,0,0,0,0,0,0,92,44,8
2023,11,qua,8,466.0,Lombo,PVT,Mandioca,Pé de moça,1,0,0,0,0,0,0,0,93,43,7
2023,11,qui,9,502.0,Carne em cubos,Almôndega de aveia,Macarrão,Manjar,1,0,0,0,0,0,0,0,94,42,6
2023,11,sex,10,263.0,Filé de peixe,Grãos com queijo,Batata,Barra de cereais,1,0,0,0,0,0,0,0,95,41,5
2023,11,sáb,11,0.0,Pernil,Suflê de legumes,Couve,Brigadeirão,1,0,0,1,0,0,0,0,96,40,4
2023,11,seg,13,340.0,Linguiça,Cassoulet,Virado,Bananada,1,0,0,0,1,0,0,0,98,38,2
2023,11,ter,14,490.0,Lasanha bolonhesa,Lasanha de PVT,Abobrinha,Mosaico,1,0,0,1,0,1,0,0,99,37,1
2023,11,qui,16,336.0,Frango empanado,Ovo frito,Acelga,Torrone,1,0,0,0,1,0,1,0,101,35,130
2023,11,sex,17,143.0,Bife,Moussaka,Polenta,Picolé,1,0,0,0,0,0,0,0,102,34,129
2023,11,sáb,18,0.0,Fricassê de frango,PVT,Batata palha,Pudim de maria mole,1,0,0,1,0,0,0,0,103,33,128
2023,11,ter,21,484.0,Bife,Omelete,Batata,Doce de leite,1,0,0,0,0,0,0,0,106,30,125
2023,11,qua,22,572.0,Frango assado,Quibe de brócolis,Abobrinha,Gelatina,1,0,0,0,0,0,0,0,107,29,124
2023,11,qui,23,563.0,Hamburguer,Hamburguer de PVT,Macarrão,Bombom,1,0,0,0,0,0,0,0,108,28,123
2023,11,sex,24,187.0,Bisteca,Curry de legumes,Farofa,Arroz doce,1,0,0,0,0,0,0,0,109,27,122
2023,11,sáb,25,0.0,Estrogonofe de carne,Estrogonofe de grão de bico,Legumes,Bolinho,1,0,0,1,0,0,0,0,110,26,121
2023,11,seg,27,449.0,Bife,Grão de bico,Chuchu,Cocada,1,0,0,0,1,0,0,0,112,24,119
2023,11,ter,28,464.0,Carne louca,Almôndega de ricota,Macarrão,Pudim de pão,1,0,0,0,0,0,0,0,113,23,118
2023,11,qua,29,452.0,Frango assado,Bife de PVT,Ervilha parmentier,Bolinho,1,0,0,0,0,0,0,0,114,22,117
2023,11,qui,30,411.0,Pernil,Hamburguer de lentilha,Farofa,Goiabada,1,0,0,0,0,0,0,0,115,21,116
2023,12,sex,1,196.0,Bife,Omelete,Nhoque,Sorvete,1,0,0,0,0,0,0,0,116,20,115
2023,12,sáb,2,0.0,Carne em cubos,PVT,Couve-flor,Barra de cereais,1,0,0,1,0,0,0,0,117,19,114
2023,12,seg,4,351.0,Frango empanado,Ovo frito,Creme de milho,Goiabada,1,0,0,0,1,0,0,0,119,17,112
2023,12,ter,5,400.0,Lasanha bolonhesa,Lasanha de PVT,Vagem,Barra de cereais,1,0,0,0,0,0,0,0,120,16,111
2023,12,qua,6,337.0,Bife,Tomate recheado,Cenoura,Flan de baunilha,1,0,0,0,0,0,0,0,121,15,110
2023,12,qui,7,376.0,Hamburguer,Hamburguer de lentilha,Macarrão,Espumone,1,0,0,0,0,0,0,0,122,14,109
2023,12,sex,8,213.0,Lombo,Baião de dois,Farofa,Mousse de limão,1,0,0,0,0,0,0,0,123,13,108
2023,12,sáb,9,0.0,Isca de frango,Suflê de legumes,Batata doce,Pudim de maria mole,1,0,0,1,0,0,0,0,124,12,107
2023,12,seg,11,170.0,Linguiça,Curry de legumes,Abobrinha,Bolinho,1,0,0,0,1,0,0,0,126,10,105
2023,12,ter,12,326.0,Bife,PVT,Polenta,Arroz doce,1,0,0,0,0,0,0,0,127,9,104
2023,12,qua,13,368.0,Estrogonofe de carne,Estrogonofe de grão de bico,Batata palha,Chocolate,1,0,0,0,0,0,0,0,128,8,103
2023,12,qui,14,402.0,Frango cremoso,Caneloni de brócolis,Batata,Pavê,1,0,0,0,0,0,0,0,129,7,102
2023,12,sex,15,128.0,Peixe frito,Grãos com queijo,Brócolis,Picolé,1,0,0,0,0,0,0,0,130,6,101
2023,12,sáb,16,0.0,Pernil,Omelete,Couve,Torrone,1,0,0,1,0,0,0,0,131,5,100
2023,12,seg,18,68.0,Carne em cubos,Almôndega de feijão,Purês,Goiabada,1,0,0,0,1,0,0,0,133,3,98
2023,12,ter,19,80.0,Bife,Quibe de brócolis,Chuchu,Gelatina,1,0,0,0,0,0,0,0,134,2,97
2023,12,qua,20,47.0,Frango assado,PVT,Polenta,Romeu,1,0,0,1,0,0,0,0,135,1,96
2023,12,qui,21,36.0,Frango empanado,Ovo frito,Creme de milho,Torrone,0,0,1,1,0,0,0,0,0,0,95
2024,1,seg,22,56.0,Bife,PVT,Chuchu,Torrone,0,0,1,1,1,0,0,32,0,0,63
2024,1,ter,23,99.0,Hamburguer,Hamburguer de lentilha,Macarrão,Manjar,0,0,1,1,1,0,0,33,0,0,62
2024,1,qua,24,108.0,Pernil,Omelete,Farofa,Mousse de morango,0,0,1,1,1,0,0,34,0,0,61
2024,1,qui,25,108.0,Carne moída,Quibe de PVT,Batata,Gelatina,0,0,1,1,1,0,0,35,0,0,60
2024,1,sex,26,40.0,Frango assado,Almôndega de aveia,Quiabo,Iogurte,0,0,1,1,1,0,0,36,0,0,59
2024,1,sáb,27,0.0,Lombo,Curry de legumes,Mandioca,Sagu,0,0,1,1,1,0,0,37,0,0,58
2024,1,seg,29,65.0,Carne em cubos,Ovo frito,Legumes,Cocada,0,0,1,1,1,0,0,39,0,0,56
2024,1,ter,30,77.0,Filé de frango,Bife de grão de bico,Purês,Maria mole,0,0,1,1,1,0,0,40,0,0,55
2024,1,qua,31,74.0,Pernil,Bobó de abóbora,Couve,Barra de cereais,0,0,1,1,1,0,0,41,0,0,54
2024,2,qui,1,85.0,Bife,Almôndega de aveia,Couve-flor,Goiabada,0,0,1,1,1,0,0,42,0,0,53
2024,2,sex,2,71.0,Bisteca,Curry de legumes,Farofa,Brigadeirão,0,0,1,1,1,0,0,43,0,0,52
2024,2,sáb,3,0.0,Frango assado,PVT,Chuchu,Pudim de morango,0,0,1,1,1,0,0,44,0,0,51
2024,2,seg,5,81.0,Bife,Tomate recheado,Mandioca,Iogurte,0,0,1,1,1,0,0,46,0,0,49
2024,2,ter,6,101.0,Frango empanado,Bife de feijão,Creme de milho,Gelatina,0,0,1,1,1,0,0,47,0,0,48
2024,2,qua,7,99.0,Lombo,Almôndega de aveia,Farofa,Beijinho,0,0,1,1,1,0,0,48,0,0,47
2024,2,qui,8,91.0,Carne em cubos,Quibe de brócolis,Ervilha parmentier,Manjar,0,0,1,1,1,0,0,49,0,0,46
2024,2,sex,9,58.0,Filé de peixe,Omelete,Batata,Sagu,0,0,1,1,1,0,0,50,0,0,45
2024,2,qui,15,86.0,Bife,Lasanha de queijo,Repolho,Doce de cocada,0,0,1,1,1,0,0,56,0,0,39
2024,2,sex,16,80.0,Carne moída,PVT,Macarrão,Gelatina,0,0,1,1,1,0,0,57,0,0,38
2024,2,sáb,17,0.0,Fricassê de frango,Estrogonofe de PVT,Batata palha,Goiabada,0,0,1,1,1,0,0,58,0,0,37
2024,2,seg,19,89.0,Linguiça,Grão de bico,Farofa,Bolinho,0,0,1,1,1,0,0,60,0,0,35
2024,2,ter,20,122.0,Lasanha bolonhesa,Lasanha de PVT,Brócolis,Mousse de chocolate,0,0,1,1,1,0,0,61,0,0,34
2024,2,qua,21,117.0,Pernil,PVT,Couve,Picolé,0,0,1,1,1,0,0,62,0,0,33
2024,2,qui,22,125.0,Hamburguer,Hamburguer de PVT,Purês,Chocolate,0,0,1,1,1,0,0,63,0,0,32
2024,2,sex,23,87.0,Bife,Omelete,Nhoque,Goiabada,0,0,1,1,1,0,0,64,0,0,31
2024,2,sáb,24,0.0,Frango assado,Grãos com queijo,Abobrinha,Surpresa de abacaxi,0,0,1,1,1,0,0,65,0,0,30
2024,2,seg,26,318.0,Frango empanado,Almôndega de ricota,Creme de milho,Bolinho,1,0,0,0,1,0,0,0,0,127,28
2024,2,ter,27,684.0,Carne moída,PVT,Macarrão,Bananada,1,0,0,0,0,0,0,0,1,126,27
2024,2,qua,28,355.0,Estrogonofe de carne,Suflê de legumes,Batata palha,Pudim de maria mole,1,0,0,0,0,0,0,0,2,125,26
2024,2,qui,29,261.0,Isca de frango,Curry de legumes,Polenta,Barra de cereais,1,0,0,0,0,0,0,0,3,124,25
2024,3,sex,1,229.0,Bife,Cassoulet,Batata doce,Doce de goiabada,1,0,0,0,0,0,0,0,4,123,24
2024,3,sáb,2,0.0,Lombo,PVT,Couve,Gelatina,1,0,0,1,0,0,0,0,5,122,23
2024,3,seg,4,760.0,Frango empanado,PVT,Legumes,Doce de leite,1,0,0,0,1,0,0,0,7,120,21
2024,3,ter,5,748.0,Lasanha bolonhesa,Lasanha de PVT,Acelga,Doce de banana,1,0,0,0,0,0,0,0,8,119,20
2024,3,qua,6,724.0,Frango assado,Suflê de legumes,Purês,Mousse de maracujá,1,0,0,0,0,0,0,0,9,118,19
2024,3,qui,7,740.0,Hamburguer,Hamburguer de lentilha,Macarrão,Bombom,1,0,0,0,0,0,0,0,10,117,18
2024,3,sex,8,411.0,Lombo,Ovo frito,Chuchu,Flan de baunilha,1,0,0,0,0,0,0,0,11,116,17
2024,3,sáb,9,0.0,Lagarto,PVT,Farofa,Pudim de coco,1,0,0,1,0,0,0,0,12,115,16
2024,3,seg,11,699.0,Bife,Quibe de brócolis,Chuchu,Bolinho,1,0,0,0,1,0,0,0,14,113,14
2024,3,ter,12,736.0,Frango empanado,Bife de grão de bico,Creme de milho,Picolé,1,0,0,0,0,0,0,0,15,112,13
2024,3,qua,13,654.0,Bisteca,Baião de dois,Couve,Surpresa de banana,1,0,0,0,0,0,0,0,16,111,12
2024,3,qui,14,657.0,Pernil,Omelete,Repolho,Manjar,1,0,0,0,0,0,0,0,17,110,11
2024,3,sex,15,373.0,Filé de peixe,Grãos com queijo,Brócolis,Pudim de maria mole,1,0,0,0,0,0,0,0,18,109,10
2024,3,sáb,16,0.0,Bisteca,Baião de dois,Couve,Surpresa de banana,1,0,0,1,0,0,0,0,19,108,9
2024,3,seg,18,749.0,Linguiça,Grão de bico,Virado,Iogurte,1,0,0,0,1,0,0,0,21,106,7
2024,3,ter,19,763.0,Carne de panela,Almôndega de aveia,Purês,Gelatina,1,0,0,0,0,0,0,0,22,105,6
2024,3,qua,20,691.0,Frango assado,Ovo frito,Polenta,Barra de cereais,1,0,0,0,0,0,0,0,23,104,5
2024,3,qui,21,749.0,Bife,PVT,Ervilha parmentier,Cocada,1,0,0,0,0,0,0,0,24,103,4
2024,3,qui,21,749.0,Estrogonofe de carne,Estrogonofe de PVT,Batata palha,Brigadeirão,1,0,0,0,0,0,0,0,24,103,4
2024,3,sex,22,358.0,Isca de frango,Ovo frito,Macarrão,Surpresa de abacaxi,1,0,0,0,0,0,0,0,25,102,3
2024,3,sáb,23,0.0,Bife,PVT,Ervilha parmentier,Cocada,1,0,0,1,0,0,0,0,26,101,2
2024,3,seg,25,87.0,Bife,Tomate recheado,Chuchu,Barra de cereais,0,1,0,1,1,1,0,0,28,99,0
2024,3,ter,26,138.0,Fricassê de frango,Grão de bico,Legumes,Sorvete,0,1,0,1,1,1,1,0,29,98,0
2024,3,qua,27,131.0,Cubos de pernil,Curry de legumes,Mandioca,Mosaico,0,1,0,1,1,1,1,0,30,97,0
2024,3,qui,28,177.0,Bife,Bobó de palmito,Batata,Ovo de páscoa,0,1,0,1,1,1,1,0,31,96,0
2024,4,seg,1,638.0,Bife,Suflê de legumes,Chuchu,Pé de moça,1,0,0,0,1,0,0,0,35,92,30
2024,4,ter,2,747.0,Fricassê de frango,Almôndega de aveia,Batata,Sorvete,1,0,0,0,0,0,0,0,36,91,29
2024,4,qua,3,687.0,Cubos de pernil,Curry de legumes,Farofa,Pudim de pão,1,0,0,0,0,0,0,0,37,90,28
2024,4,qui,4,744.0,Lasanha bolonhesa,Lasanha de PVT,Repolho,Torrone,1,0,0,0,0,0,0,0,38,89,27
2024,4,sex,5,327.0,Filé de peixe,Grãos com queijo,Brócolis,Bolinho,1,0,0,0,0,0,0,0,39,88,26
2024,4,sáb,6,0.0,Carne de panela,Omelete,Batata,Cocada,1,0,0,1,0,0,0,0,40,87,25
2024,4,seg,8,720.0,Carne de panela,Grãos gratinados,Couve-flor,Bombom,1,0,0,0,1,0,0,0,42,85,23
2024,4,ter,9,722.0,Bisteca,Cassoulet,Couve,Arroz doce,1,0,0,0,0,0,0,0,43,84,22
2024,4,qua,10,737.0,Bife,Lasanha de queijo,Legumes,Iogurte,1,0,0,0,0,0,0,0,44,83,21
2024,4,qui,11,625.0,Frango assado,Grão de bico,Macarrão,Gelatina,1,0,0,0,0,0,0,0,45,82,20
2024,4,sex,12,440.0,Lombo,Ovo cozido,Virado,Bolinho,1,0,0,0,0,0,0,0,46,81,19
2024,4,sáb,13,0.0,Carne louca,PVT,Batata doce,Mousse de limão,1,0,0,1,0,0,0,0,47,80,18
2024,4,seg,15,720.0,Frango empanado,Ovo cozido,Creme de milho,Chocolate,1,0,0,0,1,0,0,0,49,78,16
2024,4,ter,16,729.0,Linguiça,PVT,Farofa,Picolé,1,0,0,0,0,0,0,0,50,77,15
2024,4,qua,17,629.0,Quibe,Quibe de PVT,Ervilha parmentier,Manjar,1,0,0,0,0,0,0,0,51,76,14
2024,4,qui,18,790.0,Estrogonofe de carne,Estrogonofe de grão de bico,Batata palha,Pé de moça,1,0,0,0,0,0,0,0,52,75,13
2024,4,sex,19,436.0,Bife,Tomate recheado,Nhoque,Brigadeirão,1,0,0,0,0,0,0,0,53,74,12
2024,4,sáb,20,0.0,Frango assado,Grão de bico,Polenta,Surpresa de abacaxi,1,0,0,1,0,0,0,0,54,73,11
2024,4,seg,22,699.0,Frango empanado,PVT,Creme de milho,Doce de leite,1,0,0,0,1,0,0,0,56,71,9
2024,4,ter,23,671.0,Hamburguer,Hamburguer de lentilha,Macarrão,Flan de baunilha,1,0,0,0,0,0,0,0,57,70,8
2024,4,qua,24,633.0,Pernil,Baião de dois,Mandioca,Doce de banana,1,0,0,0,0,0,0,0,58,69,7
2024,4,qui,25,580.0,Bife,Quibe de brócolis,Legumes,Mosaico,1,0,0,0,0,0,0,0,59,68,6
2024,4,sex,26,448.0,Estrogonofe de frango,Estrogonofe de PVT,Batata palha,Pudim de maria mole,1,0,0,0,0,0,0,0,60,67,5
2024,4,sáb,27,0.0,Carne moída,PVT,Cenoura,Mousse de morango,1,0,0,1,0,0,0,0,61,66,4
2024,4,seg,29,640.0,Bife,Moussaka,Vagem,Barra de cereais,1,0,0,0,1,0,0,0,63,64,2
2024,4,ter,30,611.0,Lombo,Bife de feijão,Farofa,Gelatina,1,0,0,1,0,1,0,0,64,63,1
2024,5,qui,2,660.0,Frango empanado,Omelete,Legumes,Bombom,1,0,0,0,1,0,1,0,66,61,28
2024,5,sex,3,366.0,Frango assado,Cassoulet,Polenta,Goiabada,1,0,0,0,0,0,0,0,67,60,27
2024,5,sáb,4,0.0,Pernil,PVT,Chuchu,Mosaico,1,0,0,1,0,0,0,0,68,59,26
2024,5,seg,6,669.0,Carne em cubos,Ovo cozido,Ervilha parmentier,Cocada,1,0,0,0,1,0,0,0,70,57,24
2024,5,ter,7,698.0,Bife,Moussaka,Brócolis,Mousse de morango,1,0,0,0,0,0,0,0,71,56,23
2024,5,qua,8,625.0,Frango assado,Bife de feijão,Abobrinha,Manjar,1,0,0,0,0,0,0,0,72,55,22
2024,5,qui,9,654.0,Lagarto,PVT,Legumes,Iogurte,1,0,0,0,0,0,0,0,73,54,21
2024,5,sex,10,400.0,Pernil,Baião de dois,Mandioca,Brigadeirão,1,0,0,0,0,0,0,0,74,53,20
2024,5,sáb,11,0.0,Bife,PVT,Batata doce,Surpresa de abacaxi,1,0,0,1,0,0,0,0,75,52,19
2024,5,seg,13,648.0,Bife,Tomate recheado,Mandioca,Picolé,1,0,0,0,1,0,0,0,77,50,17
2024,5,ter,14,705.0,Isca de frango,Quibe de brócolis,Vagem,Arroz doce,1,0,0,0,0,0,0,0,78,49,16
2024,5,qua,15,650.0,Lombo,Omelete,Farofa,Chocolate,1,0,0,0,0,0,0,0,79,48,15
2024,5,qui,16,649.0,Carne moída,Suflê de legumes,Polenta,Flan de baunilha,1,0,0,0,0,0,0,0,80,47,14
2024,5,sex,17,354.0,Peixe frito,Almôndega de aveia,Purês,Barra de cereais,1,0,0,0,0,0,0,0,81,46,13
2024,5,sáb,18,0.0,Carne em cubos,PVT,Chuchu,Bananada,1,0,0,1,0,0,0,0,82,45,12
2024,5,seg,20,537.0,Linguiça,Grão de bico,Virado,Bolinho,1,0,0,0,1,0,0,0,84,43,10
2024,5,ter,21,628.0,Lasanha bolonhesa,Lasanha de PVT,Repolho com cenoura,Gelatina,1,0,0,0,0,0,0,0,85,42,9
2024,5,qua,22,504.0,Lombo,Ovo frito,Couve,Pão de mel,1,0,0,0,0,0,0,0,86,41,8
2024,5,qui,23,615.0,Estrogonofe de carne,Bife de PVT,Batata palha,Barra de cereais,1,0,0,0,0,0,0,0,87,40,7
2024,5,sex,24,361.0,Bife,Curry de legumes,Batata,Surpresa de banana,1,0,0,0,0,0,0,0,88,39,6
2024,5,sáb,25,0.0,Filé de frango,Almôndega de aveia,Couve-flor,Goiabada,1,0,0,1,0,0,0,0,89,38,5
2024,5,seg,27,640.0,Frango empanado,Ovo cozido,Creme de milho,Bananada,1,0,0,0,1,0,0,0,91,36,3
2024,5,ter,28,643.0,Hamburguer,Hamburguer de lentilha,Purês,Gelatina,1,0,0,0,0,0,0,0,92,35,2
2024,5,qua,29,531.0,Carne moída,PVT,Macarrão,Pudim de pão,1,0,0,1,0,1,0,0,93,34,1
2024,6,seg,3,606.0,Frango empanado,Bife de feijão,Creme de milho,Doce de batata,1,0,0,0,1,0,0,0,98,29,73
2024,6,ter,4,734.0,Lasanha bolonhesa,Lasanha de queijo,Vagem,Chocolate,1,0,0,0,0,0,0,0,99,28,72
2024,6,qua,5,710.0,Estrogonofe de carne,Estrogonofe de legumes,Batata palha,Flan de baunilha,1,0,0,0,0,0,0,0,100,27,71
2024,6,qui,6,560.0,Lombo,Cassoulet,Couve,Mosaico,1,0,0,0,0,0,0,0,101,26,70
2024,6,sex,7,363.0,Frango assado,Almôndega de aveia,Abobrinha,Torrone,1,0,0,0,0,0,0,0,102,25,69
2024,6,sáb,8,0.0,Bife,Omelete,Chuchu,Bolinho,1,0,0,1,0,0,0,0,103,24,68
2024,6,seg,10,525.0,Frango empanado,Bife de grão de bico,Vagem,Bananada,1,0,0,0,1,0,0,0,105,22,66
2024,6,ter,11,646.0,Carne em cubos,Curry de legumes,Batata,Arroz doce,1,0,0,0,0,0,0,0,106,21,65
2024,6,qua,12,644.0,Bife,Tomate recheado,Macarrão,Barra de cereais,1,0,0,0,0,0,0,0,107,20,64
2024,6,qui,13,505.0,Pernil,Omelete,Mandioca,Pudim de maria mole,1,0,0,0,0,0,0,0,108,19,63
2024,6,sex,14,301.0,Frango assado,PVT,Polenta,Mousse de limão,1,0,0,0,0,0,0,0,109,18,62
2024,6,sáb,15,0.0,Lombo,Lasanha de abobrinha,Farofa,Espumone,1,0,0,1,0,0,0,0,110,17,61
2024,6,seg,17,493.0,Linguiça,Moussaka,Virado,Iogurte,1,0,0,0,1,0,0,0,112,15,59
2024,6,ter,18,585.0,Quibe,Quibe de PVT,Purês,Gelatina,1,0,0,0,0,0,0,0,113,14,58
2024,6,qua,19,336.0,Filé de peixe,Grãos com queijo,Couve-flor,Cocada,1,0,0,0,0,0,0,0,114,13,57
2024,6,qui,20,593.0,Carne louca,Almôndega de aveia,Polenta,Kit junino,1,0,0,0,0,0,0,0,115,12,56
2024,6,sex,21,272.0,Filé de frango,Baião de dois,Legumes,Brigadeirão,1,0,0,0,0,0,0,0,116,11,55
2024,6,sáb,22,0.0,Bife,Ovo frito,Abobrinha,Pão de mel,1,0,0,1,0,0,0,0,117,10,54
2024,6,seg,24,395.0,Carne em cubos,Quibe de brócolis,Batata doce,Pé de moça,1,0,0,0,1,0,0,0,119,8,52
2024,6,ter,25,438.0,Hamburguer,Hamburguer de PVT,Purês,Chocolate,1,0,0,0,0,0,0,0,120,7,51
2024,6,qua,26,354.0,Estrogonofe de frango,PVT,Batata palha,Canjica,1,0,0,0,0,0,0,0,121,6,50
2024,6,qui,27,385.0,Carne moída,Ovo cozido,Nhoque,Bolinho,1,0,0,0,0,0,0,0,122,5,49
2024,6,sáb,29,0.0,Cubos de pernil,PVT,Couve,Curau,1,0,0,1,0,0,0,0,124,3,47
2024,7,ter,2,163.0,Isca de frango,Bife de feijão,Batata doce,Manjar,0,0,1,1,0,0,0,0,0,0,44
2024,7,qua,3,156.0,Feijoada,Feijoada vegetariana,Couve,Gelatina,0,0,1,1,1,0,0,1,0,0,43
2024,7,qui,4,111.0,Carne moída,Ovo frito,Macarrão,Chocolate,0,0,1,1,1,0,0,2,0,0,42
2024,7,sex,5,99.0,Isca de carne,Quibe de brócolis,Chuchu,Barra de cereais,0,0,1,1,1,0,0,3,0,0,41
2024,7,sáb,6,0.0,Carne em cubos,PVT,Mandioca,Brigadeirão,0,0,1,1,1,0,0,4,0,0,40
2024,7,qua,10,105.0,Linguiça,Grão de bico,Farofa,Chocolate,0,0,1,1,1,0,0,8,0,0,36
2024,7,qui,11,128.0,Lasanha bolonhesa,não informado,Acelga,Gelatina,0,0,1,1,1,0,0,9,0,0,35
2024,7,sex,12,106.0,Frango assado,Bife de lentilha,Polenta,Bombom,0,0,1,1,1,0,0,10,0,0,34
2024,7,sáb,13,0.0,Lagarto,Estrogonofe de PVT,Legumes,Flan de baunilha,0,0,1,1,1,0,0,11,0,0,33
2024,7,seg,15,96.0,Carne em cubos,Almôndega de aveia,Legumes,Torrone,0,0,1,1,1,0,0,13,0,0,31
2024,7,ter,16,116.0,Lombo,Curry de legumes,Abobrinha,Beijinho,0,0,1,1,1,0,0,14,0,0,30
2024,7,qua,17,116.0,Hamburguer,Bife de grão de bico,Purês,Arroz doce,0,0,1,1,1,0,0,15,0,0,29
2024,7,qui,18,116.0,Frango empanado,Cassoulet,Creme de milho,Banana caramelada,0,0,1,1,1,0,0,16,0,0,28
2024,7,sex,19,84.0,Carne moída,Hamburguer de PVT,Macarrão,Goiabada,0,0,1,1,1,0,0,17,0,0,27
2024,7,sáb,20,0.0,Bisteca,Ovo frito,Couve-flor,Iogurte,0,0,1,1,1,0,0,18,0,0,26
2024,7,seg,22,95.0,Frango empanado,Omelete,Creme de milho,Bananada,0,0,1,1,1,0,0,20,0,0,24
2024,7,ter,23,108.0,Estrogonofe de carne,PVT,Batata palha,Canjica,0,0,1,1,1,0,0,21,0,0,23
2024,7,qua,24,99.0,Bife,Tomate recheado,Vagem,Mosaico,0,0,1,1,1,0,0,22,0,0,22
2024,7,qui,25,101.0,Pernil,Moussaka,Farofa,Cocada,0,0,1,1,1,0,0,23,0,0,21
2024,7,sex,26,79.0,Peixe frito,Grãos com queijo,Brócolis,Bolinho,0,0,1,1,1,0,0,24,0,0,20
2024,7,sex,26,79.0,Peixe frito,Grãos com queijo,Brócolis,Bolinho,0,0,1,1,1,0,0,24,0,0,20
2024,7,sáb,27,0.0,Filé de frango,Bife de feijão,Ervilha parmentier,Barra de cereais,0,0,1,1,1,0,0,25,0,0,19
2024,7,seg,29,100.0,Bife,Quibe de PVT,Chuchu,Pão de mel,0,0,1,1,1,0,0,27,0,0,17
2024,7,ter,30,127.0,Lombo,Lasanha de abobrinha,Batata,Goiabada,0,0,1,1,1,0,0,28,0,0,16
2024,7,qua,31,139.0,Frango assado,Ovo cozido,Polenta,Pudim de maria mole,0,0,1,1,1,0,0,29,0,0,15
2024,8,qui,1,136.0,Lagarto,Estrogonofe de grão de bico,Legumes,Picolé,0,0,1,1,1,0,0,30,0,0,14
2024,8,sex,2,121.0,Bife,Suflê de legumes,Acelga,Bolinho,0,0,1,1,1,0,0,31,0,0,13
2024,8,sáb,3,0.0,Pernil,Moussaka,Couve,Mousse de limão,0,0,1,1,1,0,0,32,0,0,12
2024,8,seg,5,505.0,Frango empanado,Almôndega de aveia,Creme de milho,Doce de leite,1,0,0,0,1,0,0,0,0,129,10
2024,8,ter,6,586.0,Lasanha bolonhesa,Lasanha de PVT,Legumes,Bolinho,1,0,0,0,0,0,0,0,1,128,9
2024,8,qua,7,588.0,Isca de carne,Cassoulet,Batata doce,Mousse de maracujá,1,0,0,0,0,0,0,0,2,127,8
2024,8,qui,8,690.0,Feijoada,Feijoada vegetariana,Couve,Gelatina,1,0,0,0,0,0,0,0,3,126,7
2024,8,sex,9,205.0,Filé de peixe,PVT,Batata,Surpresa de abacaxi,1,0,0,0,0,0,0,0,4,125,6
2024,8,sáb,10,0.0,Filé de frango,Ovo frito,Polenta,Arroz doce,1,0,0,1,0,0,0,0,5,124,5
2024,8,seg,12,582.0,Linguiça,PVT,Farofa,Goiabada,1,0,0,0,1,0,0,0,7,122,3
2024,8,ter,13,691.0,Bife,Tomate recheado,Ervilha parmentier,Bombom,1,0,0,0,0,0,0,0,8,121,2
2024,8,qua,14,691.0,Hamburguer,Hamburguer de PVT,Macarrão,Sorvete,1,0,0,1,0,1,0,0,9,120,1
2024,8,seg,19,532.0,Frango empanado,PVT,Legumes,Doce de banana,1,0,0,0,1,0,0,0,14,115,14
2024,8,ter,20,667.0,Carne moída,Curry de legumes,Abobrinha,Gelatina,1,0,0,0,0,0,0,0,15,114,13
2024,8,qua,21,587.0,Estrogonofe de carne,Grão de bico,Batata palha,Barra de cereais,1,0,0,0,0,0,0,0,16,113,12
2024,8,qui,22,486.0,Lombo,Omelete,Mandioca,Brigadeirão,1,0,0,0,0,0,0,0,17,112,11
2024,8,sex,23,260.0,Carne em cubos,Quibe de brócolis,Nhoque,Pudim de pão,1,0,0,0,0,0,0,0,18,111,10
2024,8,sáb,24,0.0,Frango assado,Grãos com queijo,Vagem,Torrone,1,0,0,1,0,0,0,0,19,110,9
2024,8,seg,26,589.0,Fricassê de frango,Bife de PVT,Batata palha,Barra de cereais,1,0,0,0,1,0,0,0,21,108,7
2024,8,ter,27,808.0,Lombo,Bife de grão de bico,Farofa,Sorvete,1,0,0,0,0,0,0,0,22,107,6
2024,8,qua,28,627.0,Carne moída,PVT,Batata,Manjar,1,0,0,0,0,0,0,0,23,106,5
2024,8,qui,29,627.0,Bife,Lasanha de queijo,Couve-flor,Chocolate,1,0,0,0,0,0,0,0,24,105,4
2024,8,sex,30,338.0,Frango assado,Almôndega de aveia,Polenta,Iogurte,1,0,0,0,0,0,0,0,25,104,3
2024,8,sáb,31,0.0,Carne em cubos,Omelete,Cuscuz,Mosaico,1,0,0,1,0,0,0,0,26,103,2
2024,9,ter,3,156.0,Lasanha bolonhesa,Lasanha de PVT,Vagem,Doce de abóbora,0,1,0,1,1,1,1,0,29,100,0
2024,9,qua,4,124.0,Frango assado,Xadrez de grão de bico,Ervilha parmentier,Barra de cereais,0,1,0,1,1,1,1,0,30,99,0
2024,9,qui,5,132.0,Carne louca,Ovo cozido,Polenta,Arroz doce,0,1,0,1,1,1,1,0,31,98,0
2024,9,sex,6,122.0,Filé de frango,Quibe de abóbora,Abobrinha,Pudim de maria mole,0,1,0,1,1,1,1,0,32,97,0
2024,9,seg,9,409.0,Frango empanado,Suflê de legumes,Creme de milho,Barra de cereais,1,0,0,0,1,0,0,0,35,94,33
2024,9,ter,10,632.0,Carne moída,Bife de grão de bico,Batata,Gelatina,1,0,0,0,0,0,0,0,36,93,32
2024,9,qua,11,632.0,Bife,Omelete,Macarrão,Cocada,1,0,0,0,0,0,0,0,37,92,31
2024,9,qui,12,582.0,Pernil,Moussaka,Couve,Manjar,1,0,0,0,0,0,0,0,38,91,30
2024,9,sex,13,196.0,Filé de peixe,Batatalhoada,Brócolis,Torrone,1,0,0,0,0,0,0,0,39,90,29
2024,9,sáb,14,0.0,Lombo,Quibe de brócolis,Farofa,Espumone,1,0,0,1,0,0,0,0,40,89,28
2024,9,ter,17,701.0,Lombo,Almôndega de aveia,Couve-flor,Gelatina,1,0,0,0,0,0,0,0,43,86,25
2024,9,qua,18,619.0,Carne moída,Grãos gratinados,Macarrão,Chocolate,1,0,0,0,0,0,0,0,44,85,24
2024,9,qui,19,656.0,Estrogonofe de carne,PVT,Batata palha,Surpresa de abacaxi,1,0,0,0,0,0,0,0,45,84,23
2024,9,sex,20,243.0,File de peixe ou frango,Grão de bico,Polenta,Iogurte,1,0,0,0,0,0,0,0,46,83,22
2024,9,sáb,21,0.0,Bife,Batata especial,Acelga,Bombom,1,0,0,1,0,0,0,0,47,82,21
2024,9,seg,23,576.0,Frango empanado,PVT,Creme de milho,Torrone,1,0,0,0,1,0,0,0,49,80,19
2024,9,ter,24,812.0,Hamburguer,Hamburguer de lentilha,Macarrão,Picolé,1,0,0,0,0,0,0,0,50,79,18
2024,9,qua,25,538.0,Bife,Cassoulet,Ervilha parmentier,Brigadeirão,1,0,0,0,0,0,0,0,51,78,17
2024,9,qui,26,610.0,Frango assado,Escondidinho de PVT,Chuchu,Bolinho,1,0,0,0,0,0,0,0,52,77,16
2024,9,sex,27,298.0,Pernil,Ovo frito,Farofa,Mousse de limão,1,0,0,0,0,0,0,0,53,76,15
2024,9,sáb,28,0.0,Carne em cubos,Xadrez de PVT,Batata doce,Doce de leite,1,0,0,1,0,0,0,0,54,75,14
2024,9,seg,30,523.0,Linguiça,Curry de legumes,Cuscuz,Bananada,1,0,0,0,1,0,0,0,56,73,12
2024,10,qua,2,611.0,Lombo,Suflê de legumes,Batata doce,Torrone,1,0,0,0,0,0,0,0,58,71,10
2024,10,qui,3,581.0,Frango empanado,Xadrez de PVT,Creme de milho,Pão de mel,1,0,0,0,0,0,0,0,59,70,9
2024,10,sex,4,289.0,Estrogonofe de carne,Omelete,Batata palha,Picolé,1,0,0,0,0,0,0,0,60,69,8
2024,10,sáb,5,0.0,Bife,Almôndega de aveia,Chuchu,Barra de cereais,1,0,0,1,0,0,0,0,61,68,7
2024,10,seg,7,524.0,Carne em cubos,Omelete,Vagem,Barra de cereais,1,0,0,0,1,0,0,0,63,66,5
2024,10,ter,8,689.0,Frango assado,Almôndega de aveia,Purês,Gelatina,1,0,0,0,0,0,0,0,64,65,4
2024,10,qua,9,607.0,Pernil,Curry de legumes,Farofa,Bombom,1,0,0,0,0,0,0,0,65,64,3
2024,10,qui,10,639.0,Bife,Lasanha de queijo,Abobrinha,Mousse de limão,1,0,0,0,0,0,0,0,66,63,2
2024,10,sex,11,237.0,Filé de peixe,Quibe de abóbora,Brócolis,Pudim de pão,1,0,0,1,0,1,0,0,67,62,1
2024,10,seg,14,446.0,Frango empanado,Bife de grão de bico,Creme de milho,Goiabada,1,0,0,0,1,0,0,0,70,59,14
2024,10,ter,15,642.0,Lasanha bolonhesa,Lasanha de PVT,Acelga,Mosaico,1,0,0,0,0,0,0,0,71,58,13
2024,10,qua,16,613.0,Filé de coxa,Batata especial,Polenta,Flan de baunilha,1,0,0,0,0,0,0,0,72,57,12
2024,10,qui,17,561.0,Lagarto,Ovo frito,Batata,Picolé,1,0,0,0,0,0,0,0,73,56,11
2024,10,sex,18,216.0,Pernil,Xadrez de grão de bico,Couve,Bolinho,1,0,0,0,0,0,0,0,74,55,10
2024,10,sáb,19,0.0,Bife,Baião de dois,Couve-flor,Surpresa de abacaxi,1,0,0,1,0,0,0,0,75,54,9
2024,10,seg,21,457.0,Bife,Tomate recheado,Legumes,Bananada,1,0,0,0,1,0,0,0,77,52,7
2024,10,ter,22,708.0,Hamburguer,Hamburguer de lentilha,Macarrão,Bolinho,1,0,0,0,0,0,0,0,78,51,6
2024,10,qua,23,491.0,Lombo,Grão de bico,Farofa,Chocolate,1,0,0,0,0,0,0,0,79,50,5
2024,10,qua,23,491.0,Lombo,Grão de bico,Farofa,Chocolate,1,0,0,0,0,0,0,0,79,50,5
2024,10,qui,24,456.0,Carne moída,PVT,Ervilha parmentier,Pudim de maria mole,1,0,0,0,0,0,0,0,80,49,4
2024,10,sex,25,236.0,Isca de carne,PVT,Cuscuz,Brigadeirão,1,0,0,0,0,0,0,0,81,48,3
2024,10,sáb,26,0.0,Filé de frango,Omelete,Abobrinha,Iogurte,1,0,0,1,0,0,0,0,82,47,2
2024,10,ter,29,706.0,Linguiça,Ovo cozido,Farofa,Cocada,1,0,0,0,1,0,1,0,85,44,4
2024,10,qua,30,558.0,Filé de frango,Moussaka,Polenta,Picolé,1,0,0,0,0,0,0,0,86,43,3
2024,10,qui,31,560.0,Carne em cubos,Quibe de brócolis,Macarrão,Pé de moça,1,0,0,0,0,0,0,0,87,42,2
2024,11,sex,1,268.0,Hamburguer,Hamburguer de lentilha,Purês,Iogurte,1,0,0,1,0,1,0,0,88,41,1
2024,11,seg,4,0.0,Frango empanado,Omelete,Creme de milho,Torrone,0,1,0,0,1,0,0,0,91,38,0
2024,11,qua,6,536.0,Bife,Quibe de PVT,Purês,Brigadeirão,1,0,0,0,0,0,0,0,93,36,9
2024,11,qui,7,472.0,Pernil,Bife de grão de bico,Couve,Mousse de limão,1,0,0,0,0,0,0,0,94,35,8
2024,11,sex,8,180.0,Filé de peixe,Batatalhoada,Brócolis,Barra de cereais,1,0,0,0,0,0,0,0,95,34,7
2024,11,sáb,9,0.0,Estrogonofe de frango,Lasanha de abobrinha,Legumes,Surpresa de banana,1,0,0,1,0,0,0,0,96,33,6
2024,11,seg,11,517.0,Frango empanado,Escondidinho de PVT,Cenoura,Bananada,1,0,0,0,1,0,0,0,98,31,4
2024,11,ter,12,615.0,Lasanha bolonhesa,Lasanha de PVT,Acelga,Pudim de maria mole,1,0,0,0,0,0,0,0,99,30,3
2024,11,qua,13,551.0,Estrogonofe de carne,Ovo frito,Batata palha,Picolé,1,0,0,0,0,0,0,0,100,29,2
2024,11,qui,14,407.0,Lombo,Quibe de brócolis,Farofa,Chocolate,1,0,0,1,0,1,0,0,101,28,1
2024,11,seg,18,411.0,Linguiça,Batata especial,Vagem,Pão de mel,1,0,0,0,1,0,0,0,105,24,2
2024,11,ter,19,548.0,Bife,Tomate recheado,Ervilha parmentier,Doce de leite,1,0,0,1,0,1,0,0,106,23,1
2024,11,qui,21,468.0,Fricassê de frango,Quibe de abóbora,Batata palha,Bombom,1,0,0,0,1,0,1,0,108,21,102
2024,11,sex,22,336.0,Carne louca,Omelete,Cuscuz,Arroz doce,1,0,0,0,0,0,0,0,109,20,101
2024,11,sáb,23,0.0,Frango assado,Moussaka,Polenta,Gelatina,1,0,0,1,0,0,0,0,110,19,100
2024,11,seg,25,412.0,Bife,Ovo cozido,Mandioca,Goiabada,1,0,0,0,1,0,0,0,112,17,98
2024,11,ter,26,497.0,Carne moída,Baião de dois,Batata,Surpresa de abacaxi,1,0,0,0,0,0,0,0,113,16,97
2024,11,qua,27,545.0,Filé de coxa,Almôndega de ricota,Polenta,Bolinho,1,0,0,0,0,0,0,0,114,15,96
2024,11,qui,28,418.0,Carne em cubos,PVT,Macarrão,Picolé,1,0,0,0,0,0,0,0,115,14,95
2024,11,sex,29,144.0,Pernil,Suflê de legumes,Virado,Flan de baunilha,1,0,0,0,0,0,0,0,116,13,94
2024,11,sáb,30,0.0,Isca de carne,Estrogonofe de grão de bico,Batata doce,Mosaico,1,0,0,1,0,0,0,0,117,12,93
2024,12,seg,2,366.0,Linguiça,PVT,Mandioca,Doce de batata,1,0,0,0,1,0,0,0,119,10,91
2024,12,ter,3,364.0,Lasanha bolonhesa,Lasanha de PVT,Vagem,Pé de moça,1,0,0,0,0,0,0,0,120,9,90
2024,12,qua,4,481.0,Filé de frango,Quibe de brócolis,Polenta,Pudim de pão,1,0,0,0,0,0,0,0,121,8,89
2024,12,qui,5,478.0,Hamburguer,Hamburguer de lentilha,Macarrão,Bolinho,1,0,0,0,0,0,0,0,122,7,88
2024,12,sex,6,235.0,Peixe frito,Suflê de legumes,Brócolis,Picolé,1,0,0,0,0,0,0,0,123,6,87
2024,12,sáb,7,0.0,Pernil,Curry de legumes,Virado,Mosaico,1,0,0,1,0,0,0,0,124,5,86
2024,12,seg,9,250.0,Frango empanado,Bife de grão de bico,Creme de milho,Bolinho,1,0,0,0,1,0,0,0,126,3,84
2024,12,ter,10,250.0,Carne moída,Ovo frito,Ervilha parmentier,Gelatina,1,0,0,0,0,0,0,0,127,2,83
2024,12,qua,11,255.0,Filé de coxa,Quibe de abóbora,Polenta,Barra de cereais,1,0,0,1,0,0,0,0,128,1,82
2024,12,qui,12,173.0,Lombo,Quibe de brócolis,Farofa,Panacota,0,0,1,1,0,0,0,0,0,0,81
2024,12,sex,13,128.0,Carne em cubos,Omelete,Nhoque,Picolé,0,0,1,1,1,0,0,1,0,0,80
2024,12,sáb,14,0.0,Isca de carne,Grãos com queijo,Acelga,Mousse de limão,0,0,1,1,1,0,0,2,0,0,79
2024,12,seg,16,83.0,Bife,Estrogonofe de grão de bico,Chuchu,Romeu,0,0,1,1,1,0,0,4,0,0,77
2024,12,ter,17,95.0,Carne de panela,Tomate recheado,Batata,Gelatina,0,0,1,1,1,0,0,5,0,0,76
2024,12,qua,18,87.0,Lombo,PVT,Mandioca,Doce de abóbora,0,0,1,1,1,0,0,6,0,0,75
2024,12,qui,19,63.0,Estrogonofe de carne,Almôndega de ricota,Batata palha,Bombom,0,0,1,1,1,0,0,7,0,0,74
2024,12,sex,20,42.0,Frango empanado,Ovo frito,Creme de milho,Torrone,0,0,1,1,1,0,0,8,0,0,73
2025,1,seg,27,66.0,Carne em cubos,Omelete,Legumes,Cocada,0,0,1,1,1,0,0,46,0,0,35
2025,1,ter,28,146.0,Fricassê de frango,Bife de grão de bico,Batata palha,Picolé,0,0,1,1,1,0,0,47,0,0,34
2025,1,qua,29,139.0,Cubos de pernil,Estrogonofe de grão de bico,Abobrinha,Barra de cereais,0,0,1,1,1,0,0,48,0,0,33
2025,1,qui,30,144.0,Bife,Tomate recheado,Batata,Chocolate,0,0,1,1,1,0,0,49,0,0,32
2025,1,sex,31,68.0,Filé de peixe,Batatalhoada,Brócolis,Marigel,0,0,1,1,1,0,0,50,0,0,31
2025,2,sáb,1,0.0,Frango assado,Grãos com queijo,Vagem,Pudim de coco,0,0,1,1,1,0,0,51,0,0,30
2025,2,seg,3,95.0,Bife,Tomate recheado,Legumes,Iogurte,0,0,1,1,1,0,0,53,0,0,28
2025,2,ter,4,115.0,Filé de frango,Bife de feijão,Nhoque,Gelatina,0,0,1,1,1,0,0,54,0,0,27
2025,2,qua,5,106.0,Lombo,Almôndega de aveia,Farofa,Beijinho,0,0,1,1,1,0,0,55,0,0,26
2025,2,qui,6,112.0,Isca de carne,Quibe de brócolis,Polenta,Doce de abóbora,0,0,1,1,1,0,0,56,0,0,25
2025,2,sex,7,93.0,Peixe frito,Xadrez de grão de bico,Purês,Maria mole,0,0,1,1,1,0,0,57,0,0,24
2025,2,sáb,8,0.0,Carne em cubos,Moussaka,Mandioca,Cocada,0,0,1,1,1,0,0,58,0,0,23
2025,2,seg,10,114.0,Bife,Lasanha de queijo,Repolho com cenoura,Goiabada,0,0,1,1,1,0,0,60,0,0,21
2025,2,ter,11,112.0,Linguiça,Batata especial,Couve,Flan de baunilha,0,0,1,1,1,0,0,61,0,0,20
2025,2,qua,12,123.0,Hamburguer,Hamburguer de PVT,Macarrão,Mousse de limão,0,0,1,1,1,0,0,62,0,0,19
2025,2,qui,13,112.0,Filé de frango,Ovo frito,Brócolis, picolé de doce de leite,0,0,1,1,1,0,0,63,0,0,18
2025,2,sex,14,106.0,Carne moída,PVT,Ervilha parmentier,Brigadeirão,0,0,1,1,1,0,0,64,0,0,17
2025,2,sáb,15,0.0,Pernil,Estrogonofe de grão de bico,Batata doce,Bolinho,0,0,1,1,1,0,0,65,0,0,16
2025,2,seg,17,127.0,Frango empanado,Bife de grão de bico,Legumes,Bolinho,0,0,1,1,1,0,0,67,0,0,14
2025,2,ter,18,128.0,Lasanha bolonhesa,Lasanha de PVT,Chuchu,Surpresa de abacaxi,0,0,1,1,1,0,0,68,0,0,13
2025,2,qua,19,118.0,Frango assado,Omelete,Acelga,Mosaico,0,0,1,1,1,0,0,69,0,0,12
2025,2,qui,20,119.0,Carne em cubos,PVT,Ervilha parmentier,Chocolate,0,0,1,1,1,0,0,70,0,0,11
2025,2,sex,21,111.0,Pernil,Quibe de brócolis,Virado,Goiabada,0,0,1,1,1,0,0,71,0,0,10
2025,2,sáb,22,0.0,Bife,Curry de legumes,Abobrinha,Arroz doce,0,0,1,1,1,0,0,72,0,0,9
2025,2,seg,24,381.0,Frango empanado,Almôndega de ricota,Creme de milho,Pé de moça,1,0,0,0,1,0,0,0,0,133,7
2025,2,ter,25,660.0,Carne moída,Xadrez de grão de bico,Purês,Picolé,1,0,0,0,0,0,0,0,1,132,6
2025,2,qua,26,279.0,Carne louca,Lasanha de abobrinha,Polenta,Manjar,1,0,0,0,0,0,0,0,2,131,5
2025,2,qui,27,302.0,Lombo,Ovo frito,Virado,Barra de cereais,1,0,0,0,0,0,0,0,3,130,4
2025,2,sex,28,182.0,Estrogonofe de carne,Suflê de legumes,Batata palha,Bombom,1,0,0,0,0,0,0,0,4,129,3
2025,3,qua,5,0.0,Hamburguer,Hamburguer de PVT,Purês,Torrone,0,1,0,0,1,0,1,0,9,124,0
2025,3,qui,6,429.0,Hamburguer,Hamburguer de PVT,Purês,Torrone,1,0,0,0,1,0,1,0,10,123,39
2025,3,sex,7,259.0,Pernil,Lasanha de abobrinha,Farofa,Bombom,1,0,0,0,0,0,0,0,11,122,38
2025,3,sáb,8,0.0,Frango assado,Bife de feijão,Polenta,Manjar,1,0,0,1,0,0,0,0,12,121,37
2025,3,seg,10,744.0,Bife,Quibe de brócolis,Legumes,Goiabada,1,0,0,0,1,0,0,0,14,119,35
2025,3,ter,11,746.0,Frango empanado,Bife de grão de bico,Creme de milho,Picolé,1,0,0,0,0,0,0,0,15,118,34
2025,3,qua,12,736.0,Lagarto,Omelete,Batata,Bolinho,1,0,0,0,0,0,0,0,16,117,33
2025,3,qui,13,761.0,Lasanha bolonhesa,Lasanha de PVT,Repolho,Pudim de pão,1,0,0,0,0,0,0,0,17,116,32
2025,3,sex,14,275.0,Filé de peixe,Batatalhoada,Brócolis,Pudim de maria mole,1,0,0,0,0,0,0,0,18,115,31
2025,3,sáb,15,0.0,Lombo,Baião de dois,Couve,Surpresa de banana,1,0,0,1,0,0,0,0,19,114,30
2025,3,qua,26,768.0,Cubos de pernil,Quibe de abóbora,Cuscuz,Bolinho,1,0,0,0,0,0,0,0,30,103,19
2025,3,qui,27,725.0,Carne moída,PVT,Polenta,Bananada,1,0,0,0,0,0,0,0,31,102,18
2025,3,sex,28,463.0,Lombo,Omelete,Abobrinha,Mousse de limão,1,0,0,0,0,0,0,0,32,101,17
2025,3,sáb,29,0.0,Carne em cubos,Batata especial,Couve-flor,Gelatina,1,0,0,1,0,0,0,0,33,100,16
2025,3,seg,31,743.0,Frango empanado,Ovo frito,Legumes,Doce de leite,1,0,0,0,1,0,0,0,35,98,14
2025,4,ter,1,729.0,Estrogonofe de carne,Almôndega de aveia,Vagem,Manjar,1,0,0,0,0,0,0,0,36,97,13
2025,4,qua,2,727.0,Pernil,Curry de legumes,Farofa,Pudim de maria mole,1,0,0,0,0,0,0,0,37,96,12
2025,4,qui,3,644.0,Filé de frango,Quibe de brócolis,Chuchu,Torrone,1,0,0,0,0,0,0,0,38,95,11
2025,4,sex,4,380.0,Lasanha bolonhesa,Lasanha de PVT,Couve-flor,Brigadeirão,1,0,0,0,0,0,0,0,39,94,10
2025,4,sáb,5,0.0,Carne em cubos,Suflê de legumes,Ervilha parmentier,Cocada,1,0,0,1,0,0,0,0,40,93,9
2025,4,seg,7,735.0,Bife,Tomate recheado,Mandioca,Bombom,1,0,0,0,1,0,0,0,42,91,7
2025,4,ter,8,673.0,Pernil,Baião de dois,Couve,Picolé,1,0,0,0,0,0,0,0,43,90,6
2025,4,qua,9,716.0,Carne louca,Quibe de abóbora,Macarrão,Goiabada,1,0,0,0,0,0,0,0,44,89,5
2025,4,qui,10,620.0,Frango assado,Lasanha de abobrinha,Polenta,Gelatina,1,0,0,0,0,0,0,0,45,88,4
2025,4,sex,11,367.0,Lombo,Omelete,Virado,Bolinho,1,0,0,0,0,0,0,0,46,87,3
2025,4,sáb,12,0.0,Frango empanado,Batata especial,Acelga,Iogurte,1,0,0,1,0,0,0,0,47,86,2
2025,4,seg,14,104.0,Bife,Batatalhoada,Brócolis,Chocolate,0,1,0,1,1,1,0,0,49,84,0
2025,4,ter,15,122.0,Filé de frango,Lasanha de queijo,Cenoura,Marigel,0,1,0,1,1,1,1,0,50,83,0
2025,4,qua,16,116.0,Quibe,Quibe de PVT,Legumes,Doce de abóbora,0,1,0,1,1,1,1,0,51,82,0
2025,4,qui,17,88.0,Isca de carne,Ovo frito,Batata,Ovo de páscoa,0,1,0,1,1,1,1,0,52,81,0
2025,4,ter,22,601.0,Linguiça,Bife de lentilha,não informado,Doce de banana,1,0,0,0,1,0,1,0,57,76,9
2025,4,qui,24,559.0,Filé de peixe,Xadrez de grão de bico,Purês,Mousse de limão,1,0,0,0,0,0,0,0,59,74,7
2025,4,sex,25,579.0,Frango assado,Omelete,Polenta,Mosaico,1,0,0,0,0,0,0,0,60,73,6
2025,4,sáb,26,0.0,Carne em cubos,Moussaka,Batata,Flan de baunilha,1,0,0,1,0,0,0,0,61,72,5
2025,4,seg,28,719.0,Frango empanado,Ovo frito,Creme de milho,Barra de cereais,1,0,0,0,1,0,0,0,63,70,3
2025,4,ter,29,637.0,Lombo,Bife de feijão,Acelga,Picolé,1,0,0,0,0,0,0,0,64,69,2
2025,4,qua,30,679.0,Carne moída,PVT,Nhoque,Mousse de maracujá,1,0,0,1,0,1,0,0,65,68,1
2025,5,seg,5,699.0,Carne em cubos,Ovo frito,Chuchu,Cocada,1,0,0,0,1,0,0,0,70,63,45
2025,5,ter,6,672.0,Bife,Tomate recheado,Macarrão,Mousse de morango,1,0,0,0,0,0,0,0,71,62,44
2025,5,qua,7,707.0,Frango assado,Almôndega de aveia,Vagem,Manjar,1,0,0,0,0,0,0,0,72,61,43
2025,5,qui,8,695.0,Lagarto,PVT,Repolho,Iogurte,1,0,0,0,0,0,0,0,73,60,42
2025,5,sex,9,449.0,Pernil,Suflê de legumes,Mandioca,Brigadeirão,1,0,0,0,0,0,0,0,74,59,41
2025,5,sáb,10,0.0,Bife,Curry de legumes,Batata,Surpresa de abacaxi,1,0,0,1,0,0,0,0,75,58,40
2025,5,seg,12,669.0,Bife,Quibe de brócolis,Cenoura,Barra de cereais,1,0,0,0,1,0,0,0,77,56,38
2025,5,ter,13,650.0,Fricassê de frango,Bife de feijão,Batata palha,Mosaico,1,0,0,0,0,0,0,0,78,55,37
2025,5,qua,14,527.0,Filé de peixe,Estrogonofe de grão de bico,Legumes,Chocolate,1,0,0,0,0,0,0,0,79,54,36
2025,5,qui,15,632.0,Carne moída,Lasanha de abobrinha,Polenta,Picolé,1,0,0,0,0,0,0,0,80,53,35
2025,5,sex,16,363.0,Lombo,Omelete,Farofa,Pé de moça,1,0,0,0,0,0,0,0,81,52,34
2025,5,sáb,17,0.0,Carne em cubos,Grão de bico,Ervilha parmentier,Bananada,1,0,0,1,0,0,0,0,82,51,33
2025,5,qua,21,634.0,Lombo,Ovo frito,Couve,Bolinho,1,0,0,0,0,0,0,0,86,47,29
2025,5,sex,23,444.0,Estrogonofe de carne,Xadrez de grão de bico,Batata palha,Flan de baunilha,1,0,0,0,0,0,0,0,88,45,27
2025,5,sáb,24,0.0,Filé de frango,Batata especial,Abobrinha,Surpresa de banana,1,0,0,1,0,0,0,0,89,44,26
2025,5,seg,26,679.0,Frango empanado,Omelete,Creme de milho,Goiabada,1,0,0,0,1,0,0,0,91,42,24
2025,5,ter,27,697.0,Hamburguer,Hamburguer de lentilha,Purês,Gelatina,1,0,0,0,0,0,0,0,92,41,23
2025,5,qua,28,629.0,Carne moída,PVT,Macarrão,Pudim de maria mole,1,0,0,0,0,0,0,0,93,40,22
2025,5,qui,29,601.0,Pernil,Moussaka,Farofa,Bombom,1,0,0,0,0,0,0,0,94,39,21
2025,5,sex,30,332.0,Frango assado,Bife de grão de bico,Polenta,Picolé,1,0,0,0,0,0,0,0,95,38,20
2025,5,sáb,31,0.0,Isca de carne,PVT,Cenoura,Bolinho,1,0,0,1,0,0,0,0,96,37,19
2025,6,seg,2,676.0,Fricassê de frango,Omelete,Batata palha,Doce de batata,1,0,0,0,1,0,0,0,98,35,17
2025,6,ter,3,613.0,Lasanha bolonhesa,Lasanha de queijo,Vagem,Chocolate,1,0,0,0,0,0,0,0,99,34,16
2025,6,qua,4,670.0,Estrogonofe de carne,Quibe de abóbora,Legumes,Pudim de pão,1,0,0,0,0,0,0,0,100,33,15
2025,6,qui,5,622.0,Lombo,Estrogonofe de grão de bico,Couve,Mosaico,1,0,0,0,0,0,0,0,101,32,14
2025,6,sex,6,361.0,Frango assado,Almôndega de ricota,Abobrinha,Picolé,1,0,0,0,0,0,0,0,102,31,13
2025,6,sáb,7,0.0,Bife,Bife de feijão,Cuscuz,Brigadeirão,1,0,0,1,0,0,0,0,103,30,12
2025,6,seg,9,670.0,Frango empanado,Tomate recheado,Acelga,Bananada,1,0,0,0,1,0,0,0,105,28,10
2025,6,ter,10,381.0,Filé de peixe,Batatalhoada,Brócolis,Arroz doce,1,0,0,0,0,0,0,0,106,27,9
2025,6,qua,11,635.0,Carne em cubos,PVT,Macarrão,Barra de cereais,1,0,0,0,0,0,0,0,107,26,8
2025,6,qui,12,603.0,Pernil,Suflê de legumes,Mandioca,Surpresa de abacaxi,1,0,0,0,0,0,0,0,108,25,7
2025,6,sex,13,391.0,Estrogonofe de frango,Bife de grão de bico,Batata palha,Pé de moça,1,0,0,0,0,0,0,0,109,24,6
2025,6,sáb,14,0.0,Lombo,Lasanha de abobrinha,Farofa,Gelatina,1,0,0,1,0,0,0,0,110,23,5
2025,6,seg,16,671.0,Linguiça,Moussaka,Chuchu,Doce de leite,1,0,0,0,1,0,0,0,112,21,3
2025,6,ter,17,522.0,Carne moída,PVT,Polenta,Pudim de maria mole,1,0,0,0,0,0,0,0,113,20,2
2025,6,qua,18,580.0,Frango empanado,Omelete,Purês,Iogurte,1,0,0,1,0,1,0,0,114,19,1
2025,6,seg,23,402.0,Carne em cubos,Quibe de brócolis,Legumes,Torrone,1,0,0,0,1,0,0,0,119,14,53
2025,6,ter,24,587.0,Carne moída,Hamburguer de PVT,Ervilha parmentier,Bombom,1,0,0,0,0,0,0,0,120,13,52
2025,6,qua,25,387.0,Frango assado,Ovo frito,Cenoura,Bolinho,1,0,0,0,0,0,0,0,121,12,51
2025,6,qui,26,464.0,Carne louca,Xadrez de grão de bico,Polenta,Kit junino,1,0,0,0,0,0,0,0,122,11,50
2025,6,sex,27,293.0,Hamburguer,Bife de lentilha,Macarrão,Curau,1,0,0,0,0,0,0,0,123,10,49
2025,6,sáb,28,0.0,Cubos de pernil,PVT,Batata,Flan de baunilha,1,0,0,1,0,0,0,0,124,9,48
2025,6,seg,30,351.0,Bife,Batata especial,Repolho,Goiabada,1,0,0,0,1,0,0,0,126,7,46
2025,7,ter,1,339.0,Pernil,Hamburguer de lentilha,Virado,Manjar,1,0,0,0,0,0,0,0,127,6,45
2025,7,qua,2,315.0,Frango empanado,Omelete,Creme de milho,Gelatina,1,0,0,0,0,0,0,0,128,5,44
2025,7,qui,3,357.0,Carne moída,PVT,Macarrão,Pé de moça,1,0,0,0,0,0,0,0,129,4,43
2025,7,sex,4,185.0,Isca de carne,Suflê de legumes,Batata,Barra de cereais,1,0,0,0,0,0,0,0,130,3,42
2025,7,sáb,5,0.0,Filé de frango,Estrogonofe de grão de bico,Chuchu,Mosaico,1,0,0,1,0,0,0,0,131,2,41
2025,7,seg,7,177.0,Bife,Tomate recheado,Legumes,Bolinho,0,0,1,1,1,0,0,0,0,0,39
2025,7,ter,8,159.0,Lasanha bolonhesa,Lasanha de PVT,Repolho com cenoura,Bombom,0,0,1,1,1,0,0,1,0,0,38
2025,7,qui,10,118.0,Linguiça,Almôndega de aveia,Abobrinha,Chocolate,0,0,1,1,1,0,0,3,0,0,36
2025,7,sex,11,97.0,Estrogonofe de frango,Ovo frito,Batata palha,Flan de baunilha,0,0,1,1,1,0,0,4,0,0,35
2025,7,sáb,12,0.0,Pernil,Batata especial,Brócolis,Surpresa de abacaxi,0,0,1,1,1,0,0,5,0,0,34
2025,7,seg,14,97.0,Carne em cubos,Lasanha de abobrinha,Vagem,Torrone,0,0,1,1,1,0,0,7,0,0,32
2025,7,ter,15,91.0,Peixe frito,Xadrez de PVT,Purês,Mousse de morango,0,0,1,1,1,0,0,8,0,0,31
2025,7,qua,16,104.0,Filé de coxa,Omelete,Creme de milho,Arroz doce,0,0,1,1,1,0,0,9,0,0,30
2025,7,qui,17,114.0,Feijoada,Feijoada vegetariana,Couve,Gelatina,0,0,1,1,1,0,0,10,0,0,29
2025,7,sex,18,90.0,Lagarto,Curry de legumes,Macarrão,Goiabada,0,0,1,1,1,0,0,11,0,0,28
2025,7,sáb,19,0.0,Bife,Grãos com queijo,Couve-flor,Iogurte,0,0,1,1,1,0,0,12,0,0,27
2025,7,seg,21,97.0,Frango empanado,Ovo frito,Creme de milho,Bananada,0,0,1,1,1,0,0,14,0,0,25
2025,7,ter,22,103.0,Estrogonofe de carne,Quibe de brócolis,Batata palha,Canjica,0,0,1,1,1,0,0,15,0,0,24
2025,7,qua,23,108.0,Bife,Almôndega de ricota,Mandioca,Curau,0,0,1,1,1,0,0,16,0,0,23
2025,7,qui,24,101.0,Lombo,Moussaka,Farofa,Cocada,0,0,1,1,1,0,0,17,0,0,22
2025,7,sex,25,89.0,Hamburguer,Hamburguer de PVT,Legumes,Brigadeirão,0,0,1,1,1,0,0,18,0,0,21
2025,7,sáb,26,0.0,Carne em cubos,Xadrez de grão de bico,Ervilha parmentier,Barra de cereais,0,0,1,1,1,0,0,19,0,0,20
2025,7,seg,28,135.0,Bife,Quibe de abóbora,Batata doce,Bolinho,0,0,1,1,1,0,0,21,0,0,18
2025,7,ter,29,129.0,Lombo,Bife de grão de bico,Polenta,Pudim de maria mole,0,0,1,1,1,0,0,22,0,0,17
2025,7,qua,30,145.0,Filé de coxa,Omelete,Nhoque,Goiabada,0,0,1,1,1,0,0,23,0,0,16
2025,7,qui,31,147.0,Carne moída,PVT,Batata,Banana caramelada,0,0,1,1,1,0,0,24,0,0,15
2025,8,sex,1,129.0,Filé de frango,Batata especial,Abobrinha,Barra de cereais,0,0,1,1,1,0,0,25,0,0,14
2025,8,sáb,2,0.0,Pernil,Lasanha de abobrinha,Farofa,Chocolate,0,0,1,1,1,0,0,26,0,0,13
2025,8,seg,4,444.0,Frango empanado,Estrogonofe de grão de bico,Repolho com cenoura,Doce de leite,1,0,0,0,1,0,0,0,0,130,11
2025,8,ter,5,572.0,Lasanha bolonhesa,Lasanha de PVT,Legumes,Torrone,1,0,0,0,0,0,0,0,1,129,10
2025,8,qua,6,565.0,Carne em cubos,Ovo frito,Batata doce,Mousse de maracujá,1,0,0,0,0,0,0,0,2,128,9
2025,8,qui,7,483.0,Feijoada,Feijoada vegetariana,Couve,Gelatina,1,0,0,0,0,0,0,0,3,127,8
2025,8,sex,8,333.0,Filé de peixe,Batatalhoada,Couve-flor,Surpresa de abacaxi,1,0,0,0,0,0,0,0,4,126,7
2025,8,sáb,9,0.0,Bife,Tomate recheado,Polenta,Arroz doce,1,0,0,1,0,0,0,0,5,125,6
2025,8,seg,11,563.0,Linguiça,PVT,Farofa,Barra de cereais,1,0,0,0,1,0,0,0,7,123,4
2025,8,ter,12,657.0,Carne em cubos,Omelete,Legumes,Bombom,1,0,0,0,0,0,0,0,8,122,3
2025,8,qua,13,641.0,Frango assado,Almôndega de aveia,Brócolis,Pudim de maria mole,1,0,0,0,0,0,0,0,9,121,2
2025,8,qui,14,575.0,Hamburguer,Bife de grão de bico,Macarrão,Cocada,1,0,0,1,0,1,0,0,10,120,1
2025,8,seg,18,606.0,Frango empanado,Lasanha de queijo,Vagem,Doce de banana,1,0,0,0,1,0,0,0,14,116,14
2025,8,ter,19,711.0,Estrogonofe de carne,Xadrez de grão de bico,Batata palha,Gelatina,1,0,0,0,0,0,0,0,15,115,13
2025,8,qua,20,610.0,Carne moída,PVT,Ervilha parmentier,Goiabada,1,0,0,0,0,0,0,0,16,114,12
2025,8,qui,21,574.0,Pernil,Ovo frito,Couve,Brigadeirão,1,0,0,0,0,0,0,0,17,113,11
2025,8,sex,22,457.0,Carne louca,Moussaka,Polenta,Pudim de pão,1,0,0,0,0,0,0,0,18,112,10
2025,8,sáb,23,0.0,Lombo,Grãos com queijo,Cenoura,Flan de baunilha,1,0,0,1,0,0,0,0,19,111,9
2025,8,seg,25,425.0,Fricassê de frango,Omelete,Batata palha,Barra de cereais,1,0,0,0,1,0,0,0,21,109,7
2025,8,ter,26,550.0,Lombo,Curry de legumes,Farofa,Picolé,1,0,0,0,0,0,0,0,22,108,6
2025,8,qua,27,492.0,Carne moída,Suflê de legumes,Batata,Manjar,1,0,0,0,0,0,0,0,23,107,5
2025,8,qui,28,472.0,Isca de carne,Quibe de brócolis,Chuchu,Chocolate,1,0,0,0,0,0,0,0,24,106,4
2025,8,sex,29,0.0,Frango assado,Almôndega de ricota,Polenta,Iogurte,1,0,0,0,0,0,0,0,25,105,3
2025,8,sáb,30,0.0,Bife,Bife de feijão,Cuscuz,Mosaico,1,0,0,1,0,0,0,0,26,104,2
2025,9,seg,1,127.0,Bife,Tomate recheado,Mandioca,Goiabada,0,1,0,1,1,1,0,0,28,102,0
2025,9,ter,2,146.0,Lasanha bolonhesa,Lasanha de PVT,Vagem,Marigel,0,1,0,1,1,1,1,0,29,101,0
2025,9,qua,3,147.0,Filé de frango,Almôndega de aveia,Polenta,Pudim de pão,0,1,0,1,1,1,1,0,30,100,0
2025,9,qui,4,134.0,Lagarto,Ovo frito,Cuscuz,Arroz doce,0,1,0,1,1,1,1,0,31,99,0
2025,9,sex,5,93.0,Peixe frito,Lasanha de abobrinha,Purês,Doce de abóbora,0,1,0,1,1,1,1,0,32,98,0
2025,9,sáb,6,0.0,Bisteca,Batatalhoada,Cuscuz,Mousse de morango,0,1,0,1,1,0,1,0,33,97,0
2025,9,seg,8,551.0,Frango empanado,Quibe de brócolis,Creme de milho,Barra de cereais,1,0,0,0,1,0,0,0,35,95,49
2025,9,ter,9,673.0,Carne moída,Curry de legumes,Batata,Gelatina,1,0,0,0,0,0,0,0,36,94,48
2025,9,qua,10,650.0,Bife,Hamburguer de PVT,Macarrão,Chocolate,1,0,0,0,0,0,0,0,37,93,47
2025,9,qui,11,613.0,Pernil,Lasanha de abobrinha,Virado,Surpresa de abacaxi,1,0,0,0,0,0,0,0,38,92,46
2025,9,sex,12,376.0,Filé de frango,Moussaka,Brócolis,Picolé,1,0,0,0,0,0,0,0,39,91,45
2025,9,sáb,13,0.0,Lombo,Omelete,Farofa,Mosaico,1,0,0,1,0,0,0,0,40,90,44
2025,9,seg,15,549.0,Carne em cubos,Estrogonofe de grão de bico,Legumes,Bombom,1,0,0,0,1,0,0,0,42,88,42
2025,9,ter,16,748.0,Lombo,Ovo frito,Couve-flor,Pudim de maria mole,1,0,0,0,0,0,0,0,43,87,41
2025,9,qua,17,606.0,Carne moída,PVT,Polenta,Iogurte,1,0,0,0,0,0,0,0,44,86,40
2025,9,qui,18,527.0,Isca de carne,Almôndega de aveia,Cenoura,Gelatina,1,0,0,0,0,0,0,0,45,85,39
2025,9,sex,19,492.0,Frango assado,Bife de feijão,Nhoque,Flan de baunilha,1,0,0,0,0,0,0,0,46,84,38
2025,9,sáb,20,0.0,Bife,Curry de legumes,Acelga,Surpresa de banana,1,0,0,1,0,0,0,0,47,83,37
2025,9,seg,22,527.0,Frango empanado,Xadrez de grão de bico,Creme de milho,Barra de cereais,1,0,0,0,1,0,0,0,49,81,35
2025,9,ter,23,622.0,Hamburguer,Hamburguer de lentilha,Batata doce,Torrone,1,0,0,0,0,0,0,0,50,80,34
2025,9,qua,24,547.0,Bife,Quibe de abóbora,Ervilha parmentier,Brigadeirão,1,0,0,0,0,0,0,0,51,79,33
2025,9,qui,25,636.0,Frango assado,Suflê de legumes,Abobrinha,Picolé,1,0,0,0,0,0,0,0,52,78,32
2025,9,sex,26,357.0,Pernil,Ovo frito,Farofa,Bolinho,1,0,0,0,0,0,0,0,53,77,31
2025,9,seg,29,475.0,Linguiça,Bife de feijão,Polenta,Bananada,1,0,0,0,1,0,0,0,56,74,28
2025,9,ter,30,678.0,Estrogonofe de carne,Omelete,Batata palha,Cocada,1,0,0,0,0,0,0,0,57,73,27
2025,10,qua,1,400.0,Filé de peixe,Batatalhoada,Vagem,Torrone,1,0,0,0,0,0,0,0,58,72,26
2025,10,qui,2,502.0,Bife,Bife de grão de bico,Macarrão,Bolinho,1,0,0,0,0,0,0,0,59,71,25
2025,10,sex,3,452.0,Pernil,Almôndega de aveia,Farofa,Picolé,1,0,0,0,0,0,0,0,60,70,24
2025,10,seg,6,424.0,Frango empanado,Almôndega de aveia,Creme de milho,Barra de cereais,1,0,0,0,1,0,0,0,63,67,21
2025,10,ter,7,597.0,Carne moída,PVT,Purês,Surpresa de abacaxi,1,0,0,0,0,0,0,0,64,66,20
2025,10,qua,8,571.0,Carne em cubos,Bife de feijão,Mandioca,Bombom,1,0,0,0,0,0,0,0,65,65,19
2025,10,qui,9,575.0,Pernil,Baião de dois,Acelga,Mousse de limão,1,0,0,0,0,0,0,0,66,64,18
2025,10,qui,9,575.0,Carne moída,PVT,Purês,Surpresa de abacaxi,1,0,0,0,0,0,0,0,66,64,18
2025,10,qui,9,575.0,Estrogonofe de carne,Ovo frito,Legumes,Pudim de pão,1,0,0,0,0,0,0,0,66,64,18
2025,10,sex,10,419.0,Carne moída,PVT,Purês,Surpresa de abacaxi,1,0,0,0,0,0,0,0,67,63,17
2025,10,seg,13,272.0,Linguiça,Omelete,Farofa,Bananada,1,0,0,0,1,0,0,0,70,60,14
2025,10,ter,14,418.0,Lasanha bolonhesa,Lasanha de PVT,Repolho,Doce de leite,1,0,0,0,0,0,0,0,71,59,13
2025,10,qua,15,378.0,Frango assado,Moussaka,Polenta,Flan de baunilha,1,0,0,0,0,0,0,0,72,58,12
2025,10,qui,16,335.0,Lagarto,Lasanha de abobrinha,Cuscuz,Picolé,1,0,0,0,0,0,0,0,73,57,11
2025,10,sex,17,358.0,Bife,Lasanha de queijo,Couve-flor,Bolinho,1,0,0,0,0,0,0,0,74,56,10
2025,10,seg,20,461.0,Carne em cubos,Tomate recheado,Legumes,Goiabada,1,0,0,0,1,0,0,0,77,53,7
2025,10,ter,21,731.0,Fricassê de frango,Quibe de brócolis,Cenoura,Bolinho,1,0,0,0,0,0,0,0,78,52,6
2025,10,qua,22,581.0,Carne moída,Almôndega de aveia,Batata,Chocolate,1,0,0,0,0,0,0,0,79,51,5
2025,10,qui,23,478.0,Bisteca,Ovo frito,Couve,Pudim de maria mole,1,0,0,0,0,0,0,0,80,50,4
2025,10,sex,24,427.0,Hamburguer,Hamburguer de PVT,Macarrão,Brigadeirão,1,0,0,0,0,0,0,0,81,49,3
2025,10,qua,29,419.0,Frango empanado,Batata especial,Repolho com cenoura,Barra de cereais,1,0,0,0,1,0,1,0,86,44,5
2025,10,sex,31,293.0,Lombo,Escondidinho de PVT,Couve,Cocada,1,0,0,0,0,0,0,0,88,42,3
2025,11,qua,5,464.0,Frango empanado,Omelete,Creme de milho,Bolinho,1,0,0,0,1,0,1,0,93,37,10
2025,11,qui,6,365.0,Filé de peixe,Curry de legumes,Batata,Mousse de limão,1,0,0,0,0,0,0,0,94,36,9
2025,11,sex,7,263.0,Hamburguer,Bife de grão de bico,Macarrão,Barra de cereais,1,0,0,0,0,0,0,0,95,35,8
2025,11,seg,10,447.0,Fricassê de frango,Xadrez de grão de bico,Batata palha,Bananada,1,0,0,0,1,0,0,0,98,32,5
2025,11,ter,11,692.0,Lasanha bolonhesa,Lasanha de PVT,Acelga,Pudim de maria mole,1,0,0,0,0,0,0,0,99,31,4
2025,11,qua,12,535.0,Frango assado,Almôndega de ricota,Polenta,Barra de cereais,1,0,0,0,0,0,0,0,100,30,3
2025,11,qui,13,425.0,Carne em cubos,Ovo frito,Mandioca,Bolinho,1,0,0,0,0,0,0,0,101,29,2
2025,11,sex,14,299.0,Carne moída,Suflê de legumes,Batata,Mousse de morango,1,0,0,1,0,1,0,0,102,28,1
2025,11,seg,17,451.0,Linguiça,Lasanha de abobrinha,Farofa,Torrone,1,0,0,0,1,0,0,0,105,25,3
2025,11,ter,18,580.0,Estrogonofe de carne,Almôndega de aveia,Batata palha,Doce de leite,1,0,0,0,0,0,0,0,106,24,2
2025,11,qua,19,524.0,Frango empanado,Tomate recheado,Legumes,Cocada,1,0,0,1,0,1,0,0,107,23,1
2025,11,seg,24,320.0,Bife,Batata especial,Vagem,Goiabada,1,0,0,0,1,0,0,0,112,18,0
2025,11,ter,25,514.0,Carne moída,PVT,Ervilha parmentier,Surpresa de abacaxi,1,0,0,0,0,0,0,0,113,17,0
2025,11,qua,26,497.0,Frango assado,Moussaka,Polenta,Bombom,1,0,0,0,0,0,0,0,114,16,0
2025,11,qui,27,577.0,Carne em cubos,Hamburguer de lentilha,Nhoque,Picolé,1,0,0,0,0,0,0,0,115,15,0
2025,11,sex,28,253.0,Pernil,Ovo frito,Chuchu,Flan de baunilha,1,0,0,0,0,0,0,0,116,14,0
2025,12,seg,1,346.0,Linguiça,Quibe de brócolis,Mandioca,Goiabada,1,0,0,0,1,0,0,0,119,11,0
2025,12,ter,2,460.0,Lasanha bolonhesa,Lasanha de PVT,Brócolis,Barra de cereais,1,0,0,0,0,0,0,0,120,10,0
2025,12,qua,3,416.0,Estrogonofe de frango,Hamburguer de lentilha,Batata palha,Flan de baunilha,1,0,0,0,0,0,0,0,121,9,0
2025,12,qui,4,282.0,Bife,Omelete,Macarrão,Bolinho,1,0,0,0,0,0,0,0,122,8,0
2025,12,sex,5,228.0,Pernil,Grãos com queijo,Couve,Picolé,1,0,0,0,0,0,0,0,123,7,0
2025,12,seg,8,212.0,Frango empanado,Almôndega de aveia,Creme de milho,Bananada,1,0,0,0,1,0,0,0,126,4,0
2025,12,ter,9,233.0,Carne moída,Ovo frito,Batata,Gelatina,1,0,0,0,0,0,0,0,127,3,0
2025,12,qua,10,193.0,Pernil,PVT,Couve-flor,Cocada,1,0,0,0,0,0,0,0,128,2,0
2025,12,qui,11,306.0,Filé de coxa,Rondele,Legumes,Delícia de amendoim,1,0,0,1,0,0,0,0,129,1,0
2025,12,sex,12,74.0,Peixe frito,Batatalhoada,Cenoura,Bolinho,0,0,1,1,0,0,0,0,0,0,0
2025,12,seg,15,97.0,Fricassê de frango,Quibe de mandioquinha,Chuchu,Romeu,0,0,1,1,1,0,0,3,0,0,0
2025,12,ter,16,83.0,Carne de panela,Moussaka,Polenta,Gelatina,0,0,1,1,1,0,0,4,0,0,0
2025,12,qua,17,55.0,Lombo,Lasanha de abobrinha,Farofa,Doce de abóbora,0,0,1,1,1,0,0,5,0,0,0
2025,12,qui,18,101.0,Estrogonofe de carne,Bife de grão de bico,Batata palha,Bombom,0,0,1,1,1,0,0,6,0,0,0
2025,12,sex,19,45.0,Frango empanado,Ovo frito,Creme de milho,Torrone,0,0,1,1,1,0,0,7,0,0,0
